Project,Subject ID,Hemisphere,Intersections White-Pial,Total Triangles White,Total Triangles Pial,File white,File pial
deepcsr,200008,lh,133,398322,282170,/data/users2/washbee/speedrun/mwexperiments/BrainPlots/scripts/medialwallv2/deepcsr/deepcsr_200008_C_mwrm_lh_white.stl,/data/users2/washbee/speedrun/mwexperiments/BrainPlots/scripts/medialwallv2/deepcsr/deepcsr_200008_C_mwrm_lh_pial.stl
deepcsr,200109,lh,0,410066,318708,/data/users2/washbee/speedrun/mwexperiments/BrainPlots/scripts/medialwallv2/deepcsr/deepcsr_200109_C_mwrm_lh_white.stl,/data/users2/washbee/speedrun/mwexperiments/BrainPlots/scripts/medialwallv2/deepcsr/deepcsr_200109_C_mwrm_lh_pial.stl
deepcsr,200008,rh,0,414466,264173,/data/users2/washbee/speedrun/mwexperiments/BrainPlots/scripts/medialwallv2/deepcsr/deepcsr_200008_C_mwrm_rh_white.stl,/data/users2/washbee/speedrun/mwexperiments/BrainPlots/scripts/medialwallv2/deepcsr/deepcsr_200008_C_mwrm_rh_pial.stl
deepcsr,200109,rh,0,424117,290121,/data/users2/washbee/speedrun/mwexperiments/BrainPlots/scripts/medialwallv2/deepcsr/deepcsr_200109_C_mwrm_rh_white.stl,/data/users2/washbee/speedrun/mwexperiments/BrainPlots/scripts/medialwallv2/deepcsr/deepcsr_200109_C_mwrm_rh_pial.stl
deepcsr,200210,lh,112,409662,371271,/data/users2/washbee/speedrun/mwexperiments/BrainPlots/scripts/medialwallv2/deepcsr/deepcsr_200210_C_mwrm_lh_white.stl,/data/users2/washbee/speedrun/mwexperiments/BrainPlots/scripts/medialwallv2/deepcsr/deepcsr_200210_C_mwrm_lh_pial.stl
deepcsr,200311,lh,671,375435,361833,/data/users2/washbee/speedrun/mwexperiments/BrainPlots/scripts/medialwallv2/deepcsr/deepcsr_200311_C_mwrm_lh_white.stl,/data/users2/washbee/speedrun/mwexperiments/BrainPlots/scripts/medialwallv2/deepcsr/deepcsr_200311_C_mwrm_lh_pial.stl
deepcsr,200210,rh,0,421180,350711,/data/users2/washbee/speedrun/mwexperiments/BrainPlots/scripts/medialwallv2/deepcsr/deepcsr_200210_C_mwrm_rh_white.stl,/data/users2/washbee/speedrun/mwexperiments/BrainPlots/scripts/medialwallv2/deepcsr/deepcsr_200210_C_mwrm_rh_pial.stl
deepcsr,200311,rh,187,393228,323942,/data/users2/washbee/speedrun/mwexperiments/BrainPlots/scripts/medialwallv2/deepcsr/deepcsr_200311_C_mwrm_rh_white.stl,/data/users2/washbee/speedrun/mwexperiments/BrainPlots/scripts/medialwallv2/deepcsr/deepcsr_200311_C_mwrm_rh_pial.stl
deepcsr,200614,lh,0,395024,335910,/data/users2/washbee/speedrun/mwexperiments/BrainPlots/scripts/medialwallv2/deepcsr/deepcsr_200614_C_mwrm_lh_white.stl,/data/users2/washbee/speedrun/mwexperiments/BrainPlots/scripts/medialwallv2/deepcsr/deepcsr_200614_C_mwrm_lh_pial.stl
deepcsr,200614,rh,322,398740,326429,/data/users2/washbee/speedrun/mwexperiments/BrainPlots/scripts/medialwallv2/deepcsr/deepcsr_200614_C_mwrm_rh_white.stl,/data/users2/washbee/speedrun/mwexperiments/BrainPlots/scripts/medialwallv2/deepcsr/deepcsr_200614_C_mwrm_rh_pial.stl
deepcsr,200917,lh,432,382602,292772,/data/users2/washbee/speedrun/mwexperiments/BrainPlots/scripts/medialwallv2/deepcsr/deepcsr_200917_C_mwrm_lh_white.stl,/data/users2/washbee/speedrun/mwexperiments/BrainPlots/scripts/medialwallv2/deepcsr/deepcsr_200917_C_mwrm_lh_pial.stl
deepcsr,200917,rh,308,396636,301493,/data/users2/washbee/speedrun/mwexperiments/BrainPlots/scripts/medialwallv2/deepcsr/deepcsr_200917_C_mwrm_rh_white.stl,/data/users2/washbee/speedrun/mwexperiments/BrainPlots/scripts/medialwallv2/deepcsr/deepcsr_200917_C_mwrm_rh_pial.stl
deepcsr,201111,lh,21,367418,313715,/data/users2/washbee/speedrun/mwexperiments/BrainPlots/scripts/medialwallv2/deepcsr/deepcsr_201111_C_mwrm_lh_white.stl,/data/users2/washbee/speedrun/mwexperiments/BrainPlots/scripts/medialwallv2/deepcsr/deepcsr_201111_C_mwrm_lh_pial.stl
deepcsr,201414,lh,208,376385,365996,/data/users2/washbee/speedrun/mwexperiments/BrainPlots/scripts/medialwallv2/deepcsr/deepcsr_201414_C_mwrm_lh_white.stl,/data/users2/washbee/speedrun/mwexperiments/BrainPlots/scripts/medialwallv2/deepcsr/deepcsr_201414_C_mwrm_lh_pial.stl
deepcsr,201111,rh,20,373134,315281,/data/users2/washbee/speedrun/mwexperiments/BrainPlots/scripts/medialwallv2/deepcsr/deepcsr_201111_C_mwrm_rh_white.stl,/data/users2/washbee/speedrun/mwexperiments/BrainPlots/scripts/medialwallv2/deepcsr/deepcsr_201111_C_mwrm_rh_pial.stl
deepcsr,201414,rh,124,394524,368949,/data/users2/washbee/speedrun/mwexperiments/BrainPlots/scripts/medialwallv2/deepcsr/deepcsr_201414_C_mwrm_rh_white.stl,/data/users2/washbee/speedrun/mwexperiments/BrainPlots/scripts/medialwallv2/deepcsr/deepcsr_201414_C_mwrm_rh_pial.stl
deepcsr,201717,lh,50,400740,305259,/data/users2/washbee/speedrun/mwexperiments/BrainPlots/scripts/medialwallv2/deepcsr/deepcsr_201717_C_mwrm_lh_white.stl,/data/users2/washbee/speedrun/mwexperiments/BrainPlots/scripts/medialwallv2/deepcsr/deepcsr_201717_C_mwrm_lh_pial.stl
deepcsr,201515,lh,2940,412043,346067,/data/users2/washbee/speedrun/mwexperiments/BrainPlots/scripts/medialwallv2/deepcsr/deepcsr_201515_C_mwrm_lh_white.stl,/data/users2/washbee/speedrun/mwexperiments/BrainPlots/scripts/medialwallv2/deepcsr/deepcsr_201515_C_mwrm_lh_pial.stl
deepcsr,201717,rh,92,407269,312653,/data/users2/washbee/speedrun/mwexperiments/BrainPlots/scripts/medialwallv2/deepcsr/deepcsr_201717_C_mwrm_rh_white.stl,/data/users2/washbee/speedrun/mwexperiments/BrainPlots/scripts/medialwallv2/deepcsr/deepcsr_201717_C_mwrm_rh_pial.stl
deepcsr,201515,rh,50,413102,346627,/data/users2/washbee/speedrun/mwexperiments/BrainPlots/scripts/medialwallv2/deepcsr/deepcsr_201515_C_mwrm_rh_white.stl,/data/users2/washbee/speedrun/mwexperiments/BrainPlots/scripts/medialwallv2/deepcsr/deepcsr_201515_C_mwrm_rh_pial.stl
deepcsr,201818,lh,85,376891,320096,/data/users2/washbee/speedrun/mwexperiments/BrainPlots/scripts/medialwallv2/deepcsr/deepcsr_201818_C_mwrm_lh_white.stl,/data/users2/washbee/speedrun/mwexperiments/BrainPlots/scripts/medialwallv2/deepcsr/deepcsr_201818_C_mwrm_lh_pial.stl
deepcsr,201818,rh,1566,380656,312200,/data/users2/washbee/speedrun/mwexperiments/BrainPlots/scripts/medialwallv2/deepcsr/deepcsr_201818_C_mwrm_rh_white.stl,/data/users2/washbee/speedrun/mwexperiments/BrainPlots/scripts/medialwallv2/deepcsr/deepcsr_201818_C_mwrm_rh_pial.stl
deepcsr,202113,lh,30,426918,330460,/data/users2/washbee/speedrun/mwexperiments/BrainPlots/scripts/medialwallv2/deepcsr/deepcsr_202113_C_mwrm_lh_white.stl,/data/users2/washbee/speedrun/mwexperiments/BrainPlots/scripts/medialwallv2/deepcsr/deepcsr_202113_C_mwrm_lh_pial.stl
deepcsr,202113,rh,58,427298,341617,/data/users2/washbee/speedrun/mwexperiments/BrainPlots/scripts/medialwallv2/deepcsr/deepcsr_202113_C_mwrm_rh_white.stl,/data/users2/washbee/speedrun/mwexperiments/BrainPlots/scripts/medialwallv2/deepcsr/deepcsr_202113_C_mwrm_rh_pial.stl
deepcsr,202719,lh,35,395906,365596,/data/users2/washbee/speedrun/mwexperiments/BrainPlots/scripts/medialwallv2/deepcsr/deepcsr_202719_C_mwrm_lh_white.stl,/data/users2/washbee/speedrun/mwexperiments/BrainPlots/scripts/medialwallv2/deepcsr/deepcsr_202719_C_mwrm_lh_pial.stl
deepcsr,202719,rh,0,400029,349339,/data/users2/washbee/speedrun/mwexperiments/BrainPlots/scripts/medialwallv2/deepcsr/deepcsr_202719_C_mwrm_rh_white.stl,/data/users2/washbee/speedrun/mwexperiments/BrainPlots/scripts/medialwallv2/deepcsr/deepcsr_202719_C_mwrm_rh_pial.stl
deepcsr,203418,lh,385,381746,355975,/data/users2/washbee/speedrun/mwexperiments/BrainPlots/scripts/medialwallv2/deepcsr/deepcsr_203418_C_mwrm_lh_white.stl,/data/users2/washbee/speedrun/mwexperiments/BrainPlots/scripts/medialwallv2/deepcsr/deepcsr_203418_C_mwrm_lh_pial.stl
deepcsr,203418,rh,142,386985,326955,/data/users2/washbee/speedrun/mwexperiments/BrainPlots/scripts/medialwallv2/deepcsr/deepcsr_203418_C_mwrm_rh_white.stl,/data/users2/washbee/speedrun/mwexperiments/BrainPlots/scripts/medialwallv2/deepcsr/deepcsr_203418_C_mwrm_rh_pial.stl
deepcsr,203721,lh,147,390219,264504,/data/users2/washbee/speedrun/mwexperiments/BrainPlots/scripts/medialwallv2/deepcsr/deepcsr_203721_C_mwrm_lh_white.stl,/data/users2/washbee/speedrun/mwexperiments/BrainPlots/scripts/medialwallv2/deepcsr/deepcsr_203721_C_mwrm_lh_pial.stl
deepcsr,203721,rh,164,403531,276296,/data/users2/washbee/speedrun/mwexperiments/BrainPlots/scripts/medialwallv2/deepcsr/deepcsr_203721_C_mwrm_rh_white.stl,/data/users2/washbee/speedrun/mwexperiments/BrainPlots/scripts/medialwallv2/deepcsr/deepcsr_203721_C_mwrm_rh_pial.stl
deepcsr,203923,lh,21,399829,298106,/data/users2/washbee/speedrun/mwexperiments/BrainPlots/scripts/medialwallv2/deepcsr/deepcsr_203923_C_mwrm_lh_white.stl,/data/users2/washbee/speedrun/mwexperiments/BrainPlots/scripts/medialwallv2/deepcsr/deepcsr_203923_C_mwrm_lh_pial.stl
deepcsr,203923,rh,276,408045,320674,/data/users2/washbee/speedrun/mwexperiments/BrainPlots/scripts/medialwallv2/deepcsr/deepcsr_203923_C_mwrm_rh_white.stl,/data/users2/washbee/speedrun/mwexperiments/BrainPlots/scripts/medialwallv2/deepcsr/deepcsr_203923_C_mwrm_rh_pial.stl
deepcsr,204016,lh,0,412106,363082,/data/users2/washbee/speedrun/mwexperiments/BrainPlots/scripts/medialwallv2/deepcsr/deepcsr_204016_C_mwrm_lh_white.stl,/data/users2/washbee/speedrun/mwexperiments/BrainPlots/scripts/medialwallv2/deepcsr/deepcsr_204016_C_mwrm_lh_pial.stl
deepcsr,204016,rh,0,418354,341284,/data/users2/washbee/speedrun/mwexperiments/BrainPlots/scripts/medialwallv2/deepcsr/deepcsr_204016_C_mwrm_rh_white.stl,/data/users2/washbee/speedrun/mwexperiments/BrainPlots/scripts/medialwallv2/deepcsr/deepcsr_204016_C_mwrm_rh_pial.stl
deepcsr,204319,lh,59,425407,338081,/data/users2/washbee/speedrun/mwexperiments/BrainPlots/scripts/medialwallv2/deepcsr/deepcsr_204319_C_mwrm_lh_white.stl,/data/users2/washbee/speedrun/mwexperiments/BrainPlots/scripts/medialwallv2/deepcsr/deepcsr_204319_C_mwrm_lh_pial.stl
deepcsr,204319,rh,188,439860,351863,/data/users2/washbee/speedrun/mwexperiments/BrainPlots/scripts/medialwallv2/deepcsr/deepcsr_204319_C_mwrm_rh_white.stl,/data/users2/washbee/speedrun/mwexperiments/BrainPlots/scripts/medialwallv2/deepcsr/deepcsr_204319_C_mwrm_rh_pial.stl
deepcsr,204420,lh,157,365214,315713,/data/users2/washbee/speedrun/mwexperiments/BrainPlots/scripts/medialwallv2/deepcsr/deepcsr_204420_C_mwrm_lh_white.stl,/data/users2/washbee/speedrun/mwexperiments/BrainPlots/scripts/medialwallv2/deepcsr/deepcsr_204420_C_mwrm_lh_pial.stl
deepcsr,204420,rh,104,379968,312716,/data/users2/washbee/speedrun/mwexperiments/BrainPlots/scripts/medialwallv2/deepcsr/deepcsr_204420_C_mwrm_rh_white.stl,/data/users2/washbee/speedrun/mwexperiments/BrainPlots/scripts/medialwallv2/deepcsr/deepcsr_204420_C_mwrm_rh_pial.stl
deepcsr,204521,lh,0,352754,298882,/data/users2/washbee/speedrun/mwexperiments/BrainPlots/scripts/medialwallv2/deepcsr/deepcsr_204521_C_mwrm_lh_white.stl,/data/users2/washbee/speedrun/mwexperiments/BrainPlots/scripts/medialwallv2/deepcsr/deepcsr_204521_C_mwrm_lh_pial.stl
deepcsr,204521,rh,121,363755,297752,/data/users2/washbee/speedrun/mwexperiments/BrainPlots/scripts/medialwallv2/deepcsr/deepcsr_204521_C_mwrm_rh_white.stl,/data/users2/washbee/speedrun/mwexperiments/BrainPlots/scripts/medialwallv2/deepcsr/deepcsr_204521_C_mwrm_rh_pial.stl
deepcsr,204622,lh,93,386579,363325,/data/users2/washbee/speedrun/mwexperiments/BrainPlots/scripts/medialwallv2/deepcsr/deepcsr_204622_C_mwrm_lh_white.stl,/data/users2/washbee/speedrun/mwexperiments/BrainPlots/scripts/medialwallv2/deepcsr/deepcsr_204622_C_mwrm_lh_pial.stl
deepcsr,204622,rh,1170,387274,378552,/data/users2/washbee/speedrun/mwexperiments/BrainPlots/scripts/medialwallv2/deepcsr/deepcsr_204622_C_mwrm_rh_white.stl,/data/users2/washbee/speedrun/mwexperiments/BrainPlots/scripts/medialwallv2/deepcsr/deepcsr_204622_C_mwrm_rh_pial.stl
deepcsr,205119,lh,597,367226,312646,/data/users2/washbee/speedrun/mwexperiments/BrainPlots/scripts/medialwallv2/deepcsr/deepcsr_205119_C_mwrm_lh_white.stl,/data/users2/washbee/speedrun/mwexperiments/BrainPlots/scripts/medialwallv2/deepcsr/deepcsr_205119_C_mwrm_lh_pial.stl
deepcsr,205119,rh,143,365847,299627,/data/users2/washbee/speedrun/mwexperiments/BrainPlots/scripts/medialwallv2/deepcsr/deepcsr_205119_C_mwrm_rh_white.stl,/data/users2/washbee/speedrun/mwexperiments/BrainPlots/scripts/medialwallv2/deepcsr/deepcsr_205119_C_mwrm_rh_pial.stl
deepcsr,205220,lh,2369,390343,321199,/data/users2/washbee/speedrun/mwexperiments/BrainPlots/scripts/medialwallv2/deepcsr/deepcsr_205220_C_mwrm_lh_white.stl,/data/users2/washbee/speedrun/mwexperiments/BrainPlots/scripts/medialwallv2/deepcsr/deepcsr_205220_C_mwrm_lh_pial.stl
deepcsr,205220,rh,0,397724,297912,/data/users2/washbee/speedrun/mwexperiments/BrainPlots/scripts/medialwallv2/deepcsr/deepcsr_205220_C_mwrm_rh_white.stl,/data/users2/washbee/speedrun/mwexperiments/BrainPlots/scripts/medialwallv2/deepcsr/deepcsr_205220_C_mwrm_rh_pial.stl
deepcsr,205725,lh,202,360915,365728,/data/users2/washbee/speedrun/mwexperiments/BrainPlots/scripts/medialwallv2/deepcsr/deepcsr_205725_C_mwrm_lh_white.stl,/data/users2/washbee/speedrun/mwexperiments/BrainPlots/scripts/medialwallv2/deepcsr/deepcsr_205725_C_mwrm_lh_pial.stl
deepcsr,205725,rh,81,373643,316768,/data/users2/washbee/speedrun/mwexperiments/BrainPlots/scripts/medialwallv2/deepcsr/deepcsr_205725_C_mwrm_rh_white.stl,/data/users2/washbee/speedrun/mwexperiments/BrainPlots/scripts/medialwallv2/deepcsr/deepcsr_205725_C_mwrm_rh_pial.stl
deepcsr,205826,lh,170,364863,353031,/data/users2/washbee/speedrun/mwexperiments/BrainPlots/scripts/medialwallv2/deepcsr/deepcsr_205826_C_mwrm_lh_white.stl,/data/users2/washbee/speedrun/mwexperiments/BrainPlots/scripts/medialwallv2/deepcsr/deepcsr_205826_C_mwrm_lh_pial.stl
deepcsr,205826,rh,1520,372394,336111,/data/users2/washbee/speedrun/mwexperiments/BrainPlots/scripts/medialwallv2/deepcsr/deepcsr_205826_C_mwrm_rh_white.stl,/data/users2/washbee/speedrun/mwexperiments/BrainPlots/scripts/medialwallv2/deepcsr/deepcsr_205826_C_mwrm_rh_pial.stl
deepcsr,206222,lh,0,405186,331886,/data/users2/washbee/speedrun/mwexperiments/BrainPlots/scripts/medialwallv2/deepcsr/deepcsr_206222_C_mwrm_lh_white.stl,/data/users2/washbee/speedrun/mwexperiments/BrainPlots/scripts/medialwallv2/deepcsr/deepcsr_206222_C_mwrm_lh_pial.stl
deepcsr,206222,rh,132,419840,344372,/data/users2/washbee/speedrun/mwexperiments/BrainPlots/scripts/medialwallv2/deepcsr/deepcsr_206222_C_mwrm_rh_white.stl,/data/users2/washbee/speedrun/mwexperiments/BrainPlots/scripts/medialwallv2/deepcsr/deepcsr_206222_C_mwrm_rh_pial.stl
deepcsr,207123,lh,586,385415,366722,/data/users2/washbee/speedrun/mwexperiments/BrainPlots/scripts/medialwallv2/deepcsr/deepcsr_207123_C_mwrm_lh_white.stl,/data/users2/washbee/speedrun/mwexperiments/BrainPlots/scripts/medialwallv2/deepcsr/deepcsr_207123_C_mwrm_lh_pial.stl
deepcsr,207123,rh,2256,388305,402363,/data/users2/washbee/speedrun/mwexperiments/BrainPlots/scripts/medialwallv2/deepcsr/deepcsr_207123_C_mwrm_rh_white.stl,/data/users2/washbee/speedrun/mwexperiments/BrainPlots/scripts/medialwallv2/deepcsr/deepcsr_207123_C_mwrm_rh_pial.stl
deepcsr,207426,lh,48,370989,297244,/data/users2/washbee/speedrun/mwexperiments/BrainPlots/scripts/medialwallv2/deepcsr/deepcsr_207426_C_mwrm_lh_white.stl,/data/users2/washbee/speedrun/mwexperiments/BrainPlots/scripts/medialwallv2/deepcsr/deepcsr_207426_C_mwrm_lh_pial.stl
deepcsr,207426,rh,217,372935,286798,/data/users2/washbee/speedrun/mwexperiments/BrainPlots/scripts/medialwallv2/deepcsr/deepcsr_207426_C_mwrm_rh_white.stl,/data/users2/washbee/speedrun/mwexperiments/BrainPlots/scripts/medialwallv2/deepcsr/deepcsr_207426_C_mwrm_rh_pial.stl
deepcsr,207628,lh,0,402040,296023,/data/users2/washbee/speedrun/mwexperiments/BrainPlots/scripts/medialwallv2/deepcsr/deepcsr_207628_C_mwrm_lh_white.stl,/data/users2/washbee/speedrun/mwexperiments/BrainPlots/scripts/medialwallv2/deepcsr/deepcsr_207628_C_mwrm_lh_pial.stl
deepcsr,208024,lh,0,365247,316335,/data/users2/washbee/speedrun/mwexperiments/BrainPlots/scripts/medialwallv2/deepcsr/deepcsr_208024_C_mwrm_lh_white.stl,/data/users2/washbee/speedrun/mwexperiments/BrainPlots/scripts/medialwallv2/deepcsr/deepcsr_208024_C_mwrm_lh_pial.stl
deepcsr,207628,rh,122,396495,294582,/data/users2/washbee/speedrun/mwexperiments/BrainPlots/scripts/medialwallv2/deepcsr/deepcsr_207628_C_mwrm_rh_white.stl,/data/users2/washbee/speedrun/mwexperiments/BrainPlots/scripts/medialwallv2/deepcsr/deepcsr_207628_C_mwrm_rh_pial.stl
deepcsr,208024,rh,61,369827,307010,/data/users2/washbee/speedrun/mwexperiments/BrainPlots/scripts/medialwallv2/deepcsr/deepcsr_208024_C_mwrm_rh_white.stl,/data/users2/washbee/speedrun/mwexperiments/BrainPlots/scripts/medialwallv2/deepcsr/deepcsr_208024_C_mwrm_rh_pial.stl
deepcsr,208125,lh,68,390924,358790,/data/users2/washbee/speedrun/mwexperiments/BrainPlots/scripts/medialwallv2/deepcsr/deepcsr_208125_C_mwrm_lh_white.stl,/data/users2/washbee/speedrun/mwexperiments/BrainPlots/scripts/medialwallv2/deepcsr/deepcsr_208125_C_mwrm_lh_pial.stl
deepcsr,208226,lh,48,382686,342113,/data/users2/washbee/speedrun/mwexperiments/BrainPlots/scripts/medialwallv2/deepcsr/deepcsr_208226_C_mwrm_lh_white.stl,/data/users2/washbee/speedrun/mwexperiments/BrainPlots/scripts/medialwallv2/deepcsr/deepcsr_208226_C_mwrm_lh_pial.stl
deepcsr,208125,rh,84,400117,335371,/data/users2/washbee/speedrun/mwexperiments/BrainPlots/scripts/medialwallv2/deepcsr/deepcsr_208125_C_mwrm_rh_white.stl,/data/users2/washbee/speedrun/mwexperiments/BrainPlots/scripts/medialwallv2/deepcsr/deepcsr_208125_C_mwrm_rh_pial.stl
deepcsr,208226,rh,1539,395997,328830,/data/users2/washbee/speedrun/mwexperiments/BrainPlots/scripts/medialwallv2/deepcsr/deepcsr_208226_C_mwrm_rh_white.stl,/data/users2/washbee/speedrun/mwexperiments/BrainPlots/scripts/medialwallv2/deepcsr/deepcsr_208226_C_mwrm_rh_pial.stl
deepcsr,208428,lh,320,352580,244802,/data/users2/washbee/speedrun/mwexperiments/BrainPlots/scripts/medialwallv2/deepcsr/deepcsr_208428_C_mwrm_lh_white.stl,/data/users2/washbee/speedrun/mwexperiments/BrainPlots/scripts/medialwallv2/deepcsr/deepcsr_208428_C_mwrm_lh_pial.stl
deepcsr,208327,lh,546,421776,409499,/data/users2/washbee/speedrun/mwexperiments/BrainPlots/scripts/medialwallv2/deepcsr/deepcsr_208327_C_mwrm_lh_white.stl,/data/users2/washbee/speedrun/mwexperiments/BrainPlots/scripts/medialwallv2/deepcsr/deepcsr_208327_C_mwrm_lh_pial.stl
deepcsr,208428,rh,0,349102,244008,/data/users2/washbee/speedrun/mwexperiments/BrainPlots/scripts/medialwallv2/deepcsr/deepcsr_208428_C_mwrm_rh_white.stl,/data/users2/washbee/speedrun/mwexperiments/BrainPlots/scripts/medialwallv2/deepcsr/deepcsr_208428_C_mwrm_rh_pial.stl
deepcsr,208327,rh,3144,443599,408837,/data/users2/washbee/speedrun/mwexperiments/BrainPlots/scripts/medialwallv2/deepcsr/deepcsr_208327_C_mwrm_rh_white.stl,/data/users2/washbee/speedrun/mwexperiments/BrainPlots/scripts/medialwallv2/deepcsr/deepcsr_208327_C_mwrm_rh_pial.stl
deepcsr,209127,lh,39,386872,306226,/data/users2/washbee/speedrun/mwexperiments/BrainPlots/scripts/medialwallv2/deepcsr/deepcsr_209127_C_mwrm_lh_white.stl,/data/users2/washbee/speedrun/mwexperiments/BrainPlots/scripts/medialwallv2/deepcsr/deepcsr_209127_C_mwrm_lh_pial.stl
deepcsr,209127,rh,0,398703,315430,/data/users2/washbee/speedrun/mwexperiments/BrainPlots/scripts/medialwallv2/deepcsr/deepcsr_209127_C_mwrm_rh_white.stl,/data/users2/washbee/speedrun/mwexperiments/BrainPlots/scripts/medialwallv2/deepcsr/deepcsr_209127_C_mwrm_rh_pial.stl
deepcsr,209228,lh,0,377996,335987,/data/users2/washbee/speedrun/mwexperiments/BrainPlots/scripts/medialwallv2/deepcsr/deepcsr_209228_C_mwrm_lh_white.stl,/data/users2/washbee/speedrun/mwexperiments/BrainPlots/scripts/medialwallv2/deepcsr/deepcsr_209228_C_mwrm_lh_pial.stl
deepcsr,209228,rh,0,391264,345940,/data/users2/washbee/speedrun/mwexperiments/BrainPlots/scripts/medialwallv2/deepcsr/deepcsr_209228_C_mwrm_rh_white.stl,/data/users2/washbee/speedrun/mwexperiments/BrainPlots/scripts/medialwallv2/deepcsr/deepcsr_209228_C_mwrm_rh_pial.stl
deepcsr,209329,lh,175,389015,300673,/data/users2/washbee/speedrun/mwexperiments/BrainPlots/scripts/medialwallv2/deepcsr/deepcsr_209329_C_mwrm_lh_white.stl,/data/users2/washbee/speedrun/mwexperiments/BrainPlots/scripts/medialwallv2/deepcsr/deepcsr_209329_C_mwrm_lh_pial.stl
deepcsr,209329,rh,474,382720,304194,/data/users2/washbee/speedrun/mwexperiments/BrainPlots/scripts/medialwallv2/deepcsr/deepcsr_209329_C_mwrm_rh_white.stl,/data/users2/washbee/speedrun/mwexperiments/BrainPlots/scripts/medialwallv2/deepcsr/deepcsr_209329_C_mwrm_rh_pial.stl
deepcsr,209834,lh,1507,392290,257657,/data/users2/washbee/speedrun/mwexperiments/BrainPlots/scripts/medialwallv2/deepcsr/deepcsr_209834_C_mwrm_lh_white.stl,/data/users2/washbee/speedrun/mwexperiments/BrainPlots/scripts/medialwallv2/deepcsr/deepcsr_209834_C_mwrm_lh_pial.stl
deepcsr,209834,rh,54,394614,252152,/data/users2/washbee/speedrun/mwexperiments/BrainPlots/scripts/medialwallv2/deepcsr/deepcsr_209834_C_mwrm_rh_white.stl,/data/users2/washbee/speedrun/mwexperiments/BrainPlots/scripts/medialwallv2/deepcsr/deepcsr_209834_C_mwrm_rh_pial.stl
deepcsr,209935,lh,1844,369135,366457,/data/users2/washbee/speedrun/mwexperiments/BrainPlots/scripts/medialwallv2/deepcsr/deepcsr_209935_C_mwrm_lh_white.stl,/data/users2/washbee/speedrun/mwexperiments/BrainPlots/scripts/medialwallv2/deepcsr/deepcsr_209935_C_mwrm_lh_pial.stl
deepcsr,209935,rh,50,368716,351914,/data/users2/washbee/speedrun/mwexperiments/BrainPlots/scripts/medialwallv2/deepcsr/deepcsr_209935_C_mwrm_rh_white.stl,/data/users2/washbee/speedrun/mwexperiments/BrainPlots/scripts/medialwallv2/deepcsr/deepcsr_209935_C_mwrm_rh_pial.stl
deepcsr,210011,lh,1647,395127,394754,/data/users2/washbee/speedrun/mwexperiments/BrainPlots/scripts/medialwallv2/deepcsr/deepcsr_210011_C_mwrm_lh_white.stl,/data/users2/washbee/speedrun/mwexperiments/BrainPlots/scripts/medialwallv2/deepcsr/deepcsr_210011_C_mwrm_lh_pial.stl
deepcsr,210011,rh,221,393913,358595,/data/users2/washbee/speedrun/mwexperiments/BrainPlots/scripts/medialwallv2/deepcsr/deepcsr_210011_C_mwrm_rh_white.stl,/data/users2/washbee/speedrun/mwexperiments/BrainPlots/scripts/medialwallv2/deepcsr/deepcsr_210011_C_mwrm_rh_pial.stl
deepcsr,210415,lh,297,384480,310865,/data/users2/washbee/speedrun/mwexperiments/BrainPlots/scripts/medialwallv2/deepcsr/deepcsr_210415_C_mwrm_lh_white.stl,/data/users2/washbee/speedrun/mwexperiments/BrainPlots/scripts/medialwallv2/deepcsr/deepcsr_210415_C_mwrm_lh_pial.stl
deepcsr,210415,rh,0,383427,301725,/data/users2/washbee/speedrun/mwexperiments/BrainPlots/scripts/medialwallv2/deepcsr/deepcsr_210415_C_mwrm_rh_white.stl,/data/users2/washbee/speedrun/mwexperiments/BrainPlots/scripts/medialwallv2/deepcsr/deepcsr_210415_C_mwrm_rh_pial.stl
deepcsr,210617,lh,195,411089,387258,/data/users2/washbee/speedrun/mwexperiments/BrainPlots/scripts/medialwallv2/deepcsr/deepcsr_210617_C_mwrm_lh_white.stl,/data/users2/washbee/speedrun/mwexperiments/BrainPlots/scripts/medialwallv2/deepcsr/deepcsr_210617_C_mwrm_lh_pial.stl
deepcsr,210617,rh,1017,423322,375828,/data/users2/washbee/speedrun/mwexperiments/BrainPlots/scripts/medialwallv2/deepcsr/deepcsr_210617_C_mwrm_rh_white.stl,/data/users2/washbee/speedrun/mwexperiments/BrainPlots/scripts/medialwallv2/deepcsr/deepcsr_210617_C_mwrm_rh_pial.stl
deepcsr,211114,lh,163,389232,284530,/data/users2/washbee/speedrun/mwexperiments/BrainPlots/scripts/medialwallv2/deepcsr/deepcsr_211114_C_mwrm_lh_white.stl,/data/users2/washbee/speedrun/mwexperiments/BrainPlots/scripts/medialwallv2/deepcsr/deepcsr_211114_C_mwrm_lh_pial.stl
deepcsr,211114,rh,957,404741,269649,/data/users2/washbee/speedrun/mwexperiments/BrainPlots/scripts/medialwallv2/deepcsr/deepcsr_211114_C_mwrm_rh_white.stl,/data/users2/washbee/speedrun/mwexperiments/BrainPlots/scripts/medialwallv2/deepcsr/deepcsr_211114_C_mwrm_rh_pial.stl
deepcsr,211215,lh,686,418161,365373,/data/users2/washbee/speedrun/mwexperiments/BrainPlots/scripts/medialwallv2/deepcsr/deepcsr_211215_C_mwrm_lh_white.stl,/data/users2/washbee/speedrun/mwexperiments/BrainPlots/scripts/medialwallv2/deepcsr/deepcsr_211215_C_mwrm_lh_pial.stl
deepcsr,211215,rh,246,428506,368138,/data/users2/washbee/speedrun/mwexperiments/BrainPlots/scripts/medialwallv2/deepcsr/deepcsr_211215_C_mwrm_rh_white.stl,/data/users2/washbee/speedrun/mwexperiments/BrainPlots/scripts/medialwallv2/deepcsr/deepcsr_211215_C_mwrm_rh_pial.stl
deepcsr,211316,lh,2115,367294,336596,/data/users2/washbee/speedrun/mwexperiments/BrainPlots/scripts/medialwallv2/deepcsr/deepcsr_211316_C_mwrm_lh_white.stl,/data/users2/washbee/speedrun/mwexperiments/BrainPlots/scripts/medialwallv2/deepcsr/deepcsr_211316_C_mwrm_lh_pial.stl
deepcsr,211316,rh,455,363254,320166,/data/users2/washbee/speedrun/mwexperiments/BrainPlots/scripts/medialwallv2/deepcsr/deepcsr_211316_C_mwrm_rh_white.stl,/data/users2/washbee/speedrun/mwexperiments/BrainPlots/scripts/medialwallv2/deepcsr/deepcsr_211316_C_mwrm_rh_pial.stl
deepcsr,211417,lh,158,390865,351558,/data/users2/washbee/speedrun/mwexperiments/BrainPlots/scripts/medialwallv2/deepcsr/deepcsr_211417_C_mwrm_lh_white.stl,/data/users2/washbee/speedrun/mwexperiments/BrainPlots/scripts/medialwallv2/deepcsr/deepcsr_211417_C_mwrm_lh_pial.stl
deepcsr,211417,rh,314,398656,340802,/data/users2/washbee/speedrun/mwexperiments/BrainPlots/scripts/medialwallv2/deepcsr/deepcsr_211417_C_mwrm_rh_white.stl,/data/users2/washbee/speedrun/mwexperiments/BrainPlots/scripts/medialwallv2/deepcsr/deepcsr_211417_C_mwrm_rh_pial.stl
deepcsr,211720,lh,684,417032,322499,/data/users2/washbee/speedrun/mwexperiments/BrainPlots/scripts/medialwallv2/deepcsr/deepcsr_211720_C_mwrm_lh_white.stl,/data/users2/washbee/speedrun/mwexperiments/BrainPlots/scripts/medialwallv2/deepcsr/deepcsr_211720_C_mwrm_lh_pial.stl
deepcsr,211720,rh,1000,423986,350290,/data/users2/washbee/speedrun/mwexperiments/BrainPlots/scripts/medialwallv2/deepcsr/deepcsr_211720_C_mwrm_rh_white.stl,/data/users2/washbee/speedrun/mwexperiments/BrainPlots/scripts/medialwallv2/deepcsr/deepcsr_211720_C_mwrm_rh_pial.stl
deepcsr,211922,lh,1646,403819,328127,/data/users2/washbee/speedrun/mwexperiments/BrainPlots/scripts/medialwallv2/deepcsr/deepcsr_211922_C_mwrm_lh_white.stl,/data/users2/washbee/speedrun/mwexperiments/BrainPlots/scripts/medialwallv2/deepcsr/deepcsr_211922_C_mwrm_lh_pial.stl
deepcsr,211922,rh,45,399405,325074,/data/users2/washbee/speedrun/mwexperiments/BrainPlots/scripts/medialwallv2/deepcsr/deepcsr_211922_C_mwrm_rh_white.stl,/data/users2/washbee/speedrun/mwexperiments/BrainPlots/scripts/medialwallv2/deepcsr/deepcsr_211922_C_mwrm_rh_pial.stl
deepcsr,212015,lh,50,375959,323883,/data/users2/washbee/speedrun/mwexperiments/BrainPlots/scripts/medialwallv2/deepcsr/deepcsr_212015_C_mwrm_lh_white.stl,/data/users2/washbee/speedrun/mwexperiments/BrainPlots/scripts/medialwallv2/deepcsr/deepcsr_212015_C_mwrm_lh_pial.stl
deepcsr,212015,rh,493,384687,318472,/data/users2/washbee/speedrun/mwexperiments/BrainPlots/scripts/medialwallv2/deepcsr/deepcsr_212015_C_mwrm_rh_white.stl,/data/users2/washbee/speedrun/mwexperiments/BrainPlots/scripts/medialwallv2/deepcsr/deepcsr_212015_C_mwrm_rh_pial.stl
deepcsr,212116,lh,280,402816,352612,/data/users2/washbee/speedrun/mwexperiments/BrainPlots/scripts/medialwallv2/deepcsr/deepcsr_212116_C_mwrm_lh_white.stl,/data/users2/washbee/speedrun/mwexperiments/BrainPlots/scripts/medialwallv2/deepcsr/deepcsr_212116_C_mwrm_lh_pial.stl
deepcsr,212116,rh,0,407010,354489,/data/users2/washbee/speedrun/mwexperiments/BrainPlots/scripts/medialwallv2/deepcsr/deepcsr_212116_C_mwrm_rh_white.stl,/data/users2/washbee/speedrun/mwexperiments/BrainPlots/scripts/medialwallv2/deepcsr/deepcsr_212116_C_mwrm_rh_pial.stl
deepcsr,212217,lh,101,383470,319052,/data/users2/washbee/speedrun/mwexperiments/BrainPlots/scripts/medialwallv2/deepcsr/deepcsr_212217_C_mwrm_lh_white.stl,/data/users2/washbee/speedrun/mwexperiments/BrainPlots/scripts/medialwallv2/deepcsr/deepcsr_212217_C_mwrm_lh_pial.stl
deepcsr,212217,rh,29,391668,313764,/data/users2/washbee/speedrun/mwexperiments/BrainPlots/scripts/medialwallv2/deepcsr/deepcsr_212217_C_mwrm_rh_white.stl,/data/users2/washbee/speedrun/mwexperiments/BrainPlots/scripts/medialwallv2/deepcsr/deepcsr_212217_C_mwrm_rh_pial.stl
deepcsr,212318,lh,2760,358773,347273,/data/users2/washbee/speedrun/mwexperiments/BrainPlots/scripts/medialwallv2/deepcsr/deepcsr_212318_C_mwrm_lh_white.stl,/data/users2/washbee/speedrun/mwexperiments/BrainPlots/scripts/medialwallv2/deepcsr/deepcsr_212318_C_mwrm_lh_pial.stl
deepcsr,212318,rh,164,361457,337888,/data/users2/washbee/speedrun/mwexperiments/BrainPlots/scripts/medialwallv2/deepcsr/deepcsr_212318_C_mwrm_rh_white.stl,/data/users2/washbee/speedrun/mwexperiments/BrainPlots/scripts/medialwallv2/deepcsr/deepcsr_212318_C_mwrm_rh_pial.stl
deepcsr,212419,lh,0,400954,308203,/data/users2/washbee/speedrun/mwexperiments/BrainPlots/scripts/medialwallv2/deepcsr/deepcsr_212419_C_mwrm_lh_white.stl,/data/users2/washbee/speedrun/mwexperiments/BrainPlots/scripts/medialwallv2/deepcsr/deepcsr_212419_C_mwrm_lh_pial.stl
deepcsr,212419,rh,0,404649,316202,/data/users2/washbee/speedrun/mwexperiments/BrainPlots/scripts/medialwallv2/deepcsr/deepcsr_212419_C_mwrm_rh_white.stl,/data/users2/washbee/speedrun/mwexperiments/BrainPlots/scripts/medialwallv2/deepcsr/deepcsr_212419_C_mwrm_rh_pial.stl
deepcsr,212823,lh,1437,379245,377377,/data/users2/washbee/speedrun/mwexperiments/BrainPlots/scripts/medialwallv2/deepcsr/deepcsr_212823_C_mwrm_lh_white.stl,/data/users2/washbee/speedrun/mwexperiments/BrainPlots/scripts/medialwallv2/deepcsr/deepcsr_212823_C_mwrm_lh_pial.stl
deepcsr,212823,rh,0,387668,360259,/data/users2/washbee/speedrun/mwexperiments/BrainPlots/scripts/medialwallv2/deepcsr/deepcsr_212823_C_mwrm_rh_white.stl,/data/users2/washbee/speedrun/mwexperiments/BrainPlots/scripts/medialwallv2/deepcsr/deepcsr_212823_C_mwrm_rh_pial.stl
deepcsr,213421,lh,147,397202,322176,/data/users2/washbee/speedrun/mwexperiments/BrainPlots/scripts/medialwallv2/deepcsr/deepcsr_213421_C_mwrm_lh_white.stl,/data/users2/washbee/speedrun/mwexperiments/BrainPlots/scripts/medialwallv2/deepcsr/deepcsr_213421_C_mwrm_lh_pial.stl
deepcsr,213421,rh,98,414769,304110,/data/users2/washbee/speedrun/mwexperiments/BrainPlots/scripts/medialwallv2/deepcsr/deepcsr_213421_C_mwrm_rh_white.stl,/data/users2/washbee/speedrun/mwexperiments/BrainPlots/scripts/medialwallv2/deepcsr/deepcsr_213421_C_mwrm_rh_pial.stl
deepcsr,214019,lh,67,379169,341229,/data/users2/washbee/speedrun/mwexperiments/BrainPlots/scripts/medialwallv2/deepcsr/deepcsr_214019_C_mwrm_lh_white.stl,/data/users2/washbee/speedrun/mwexperiments/BrainPlots/scripts/medialwallv2/deepcsr/deepcsr_214019_C_mwrm_lh_pial.stl
deepcsr,214019,rh,249,390741,324597,/data/users2/washbee/speedrun/mwexperiments/BrainPlots/scripts/medialwallv2/deepcsr/deepcsr_214019_C_mwrm_rh_white.stl,/data/users2/washbee/speedrun/mwexperiments/BrainPlots/scripts/medialwallv2/deepcsr/deepcsr_214019_C_mwrm_rh_pial.stl
deepcsr,214221,lh,226,376933,323393,/data/users2/washbee/speedrun/mwexperiments/BrainPlots/scripts/medialwallv2/deepcsr/deepcsr_214221_C_mwrm_lh_white.stl,/data/users2/washbee/speedrun/mwexperiments/BrainPlots/scripts/medialwallv2/deepcsr/deepcsr_214221_C_mwrm_lh_pial.stl
deepcsr,214221,rh,46,384295,304722,/data/users2/washbee/speedrun/mwexperiments/BrainPlots/scripts/medialwallv2/deepcsr/deepcsr_214221_C_mwrm_rh_white.stl,/data/users2/washbee/speedrun/mwexperiments/BrainPlots/scripts/medialwallv2/deepcsr/deepcsr_214221_C_mwrm_rh_pial.stl
deepcsr,214423,lh,311,417882,313779,/data/users2/washbee/speedrun/mwexperiments/BrainPlots/scripts/medialwallv2/deepcsr/deepcsr_214423_C_mwrm_lh_white.stl,/data/users2/washbee/speedrun/mwexperiments/BrainPlots/scripts/medialwallv2/deepcsr/deepcsr_214423_C_mwrm_lh_pial.stl
deepcsr,214423,rh,48,434783,305858,/data/users2/washbee/speedrun/mwexperiments/BrainPlots/scripts/medialwallv2/deepcsr/deepcsr_214423_C_mwrm_rh_white.stl,/data/users2/washbee/speedrun/mwexperiments/BrainPlots/scripts/medialwallv2/deepcsr/deepcsr_214423_C_mwrm_rh_pial.stl
deepcsr,214524,lh,5,378731,363041,/data/users2/washbee/speedrun/mwexperiments/BrainPlots/scripts/medialwallv2/deepcsr/deepcsr_214524_C_mwrm_lh_white.stl,/data/users2/washbee/speedrun/mwexperiments/BrainPlots/scripts/medialwallv2/deepcsr/deepcsr_214524_C_mwrm_lh_pial.stl
deepcsr,214524,rh,421,392654,336439,/data/users2/washbee/speedrun/mwexperiments/BrainPlots/scripts/medialwallv2/deepcsr/deepcsr_214524_C_mwrm_rh_white.stl,/data/users2/washbee/speedrun/mwexperiments/BrainPlots/scripts/medialwallv2/deepcsr/deepcsr_214524_C_mwrm_rh_pial.stl
deepcsr,214625,lh,554,398576,365397,/data/users2/washbee/speedrun/mwexperiments/BrainPlots/scripts/medialwallv2/deepcsr/deepcsr_214625_C_mwrm_lh_white.stl,/data/users2/washbee/speedrun/mwexperiments/BrainPlots/scripts/medialwallv2/deepcsr/deepcsr_214625_C_mwrm_lh_pial.stl
deepcsr,214625,rh,52,403224,362485,/data/users2/washbee/speedrun/mwexperiments/BrainPlots/scripts/medialwallv2/deepcsr/deepcsr_214625_C_mwrm_rh_white.stl,/data/users2/washbee/speedrun/mwexperiments/BrainPlots/scripts/medialwallv2/deepcsr/deepcsr_214625_C_mwrm_rh_pial.stl
deepcsr,214726,lh,2072,391866,369906,/data/users2/washbee/speedrun/mwexperiments/BrainPlots/scripts/medialwallv2/deepcsr/deepcsr_214726_C_mwrm_lh_white.stl,/data/users2/washbee/speedrun/mwexperiments/BrainPlots/scripts/medialwallv2/deepcsr/deepcsr_214726_C_mwrm_lh_pial.stl
deepcsr,214726,rh,333,392641,356900,/data/users2/washbee/speedrun/mwexperiments/BrainPlots/scripts/medialwallv2/deepcsr/deepcsr_214726_C_mwrm_rh_white.stl,/data/users2/washbee/speedrun/mwexperiments/BrainPlots/scripts/medialwallv2/deepcsr/deepcsr_214726_C_mwrm_rh_pial.stl
deepcsr,217126,lh,0,364512,330478,/data/users2/washbee/speedrun/mwexperiments/BrainPlots/scripts/medialwallv2/deepcsr/deepcsr_217126_C_mwrm_lh_white.stl,/data/users2/washbee/speedrun/mwexperiments/BrainPlots/scripts/medialwallv2/deepcsr/deepcsr_217126_C_mwrm_lh_pial.stl
deepcsr,217126,rh,114,379902,322180,/data/users2/washbee/speedrun/mwexperiments/BrainPlots/scripts/medialwallv2/deepcsr/deepcsr_217126_C_mwrm_rh_white.stl,/data/users2/washbee/speedrun/mwexperiments/BrainPlots/scripts/medialwallv2/deepcsr/deepcsr_217126_C_mwrm_rh_pial.stl
deepcsr,217429,lh,113,379695,313669,/data/users2/washbee/speedrun/mwexperiments/BrainPlots/scripts/medialwallv2/deepcsr/deepcsr_217429_C_mwrm_lh_white.stl,/data/users2/washbee/speedrun/mwexperiments/BrainPlots/scripts/medialwallv2/deepcsr/deepcsr_217429_C_mwrm_lh_pial.stl
deepcsr,217429,rh,87,394487,317277,/data/users2/washbee/speedrun/mwexperiments/BrainPlots/scripts/medialwallv2/deepcsr/deepcsr_217429_C_mwrm_rh_white.stl,/data/users2/washbee/speedrun/mwexperiments/BrainPlots/scripts/medialwallv2/deepcsr/deepcsr_217429_C_mwrm_rh_pial.stl
deepcsr,220721,lh,524,373430,396709,/data/users2/washbee/speedrun/mwexperiments/BrainPlots/scripts/medialwallv2/deepcsr/deepcsr_220721_C_mwrm_lh_white.stl,/data/users2/washbee/speedrun/mwexperiments/BrainPlots/scripts/medialwallv2/deepcsr/deepcsr_220721_C_mwrm_lh_pial.stl
deepcsr,220721,rh,0,387015,384618,/data/users2/washbee/speedrun/mwexperiments/BrainPlots/scripts/medialwallv2/deepcsr/deepcsr_220721_C_mwrm_rh_white.stl,/data/users2/washbee/speedrun/mwexperiments/BrainPlots/scripts/medialwallv2/deepcsr/deepcsr_220721_C_mwrm_rh_pial.stl
deepcsr,221218,lh,131,388111,283037,/data/users2/washbee/speedrun/mwexperiments/BrainPlots/scripts/medialwallv2/deepcsr/deepcsr_221218_C_mwrm_lh_white.stl,/data/users2/washbee/speedrun/mwexperiments/BrainPlots/scripts/medialwallv2/deepcsr/deepcsr_221218_C_mwrm_lh_pial.stl
deepcsr,221218,rh,108,404712,270705,/data/users2/washbee/speedrun/mwexperiments/BrainPlots/scripts/medialwallv2/deepcsr/deepcsr_221218_C_mwrm_rh_white.stl,/data/users2/washbee/speedrun/mwexperiments/BrainPlots/scripts/medialwallv2/deepcsr/deepcsr_221218_C_mwrm_rh_pial.stl
deepcsr,221319,lh,0,359191,328482,/data/users2/washbee/speedrun/mwexperiments/BrainPlots/scripts/medialwallv2/deepcsr/deepcsr_221319_C_mwrm_lh_white.stl,/data/users2/washbee/speedrun/mwexperiments/BrainPlots/scripts/medialwallv2/deepcsr/deepcsr_221319_C_mwrm_lh_pial.stl
deepcsr,221319,rh,81,382225,303797,/data/users2/washbee/speedrun/mwexperiments/BrainPlots/scripts/medialwallv2/deepcsr/deepcsr_221319_C_mwrm_rh_white.stl,/data/users2/washbee/speedrun/mwexperiments/BrainPlots/scripts/medialwallv2/deepcsr/deepcsr_221319_C_mwrm_rh_pial.stl
deepcsr,223929,lh,0,437503,332573,/data/users2/washbee/speedrun/mwexperiments/BrainPlots/scripts/medialwallv2/deepcsr/deepcsr_223929_C_mwrm_lh_white.stl,/data/users2/washbee/speedrun/mwexperiments/BrainPlots/scripts/medialwallv2/deepcsr/deepcsr_223929_C_mwrm_lh_pial.stl
deepcsr,223929,rh,289,446919,342256,/data/users2/washbee/speedrun/mwexperiments/BrainPlots/scripts/medialwallv2/deepcsr/deepcsr_223929_C_mwrm_rh_white.stl,/data/users2/washbee/speedrun/mwexperiments/BrainPlots/scripts/medialwallv2/deepcsr/deepcsr_223929_C_mwrm_rh_pial.stl
deepcsr,224022,lh,0,362201,298316,/data/users2/washbee/speedrun/mwexperiments/BrainPlots/scripts/medialwallv2/deepcsr/deepcsr_224022_C_mwrm_lh_white.stl,/data/users2/washbee/speedrun/mwexperiments/BrainPlots/scripts/medialwallv2/deepcsr/deepcsr_224022_C_mwrm_lh_pial.stl
deepcsr,224022,rh,707,374122,304230,/data/users2/washbee/speedrun/mwexperiments/BrainPlots/scripts/medialwallv2/deepcsr/deepcsr_224022_C_mwrm_rh_white.stl,/data/users2/washbee/speedrun/mwexperiments/BrainPlots/scripts/medialwallv2/deepcsr/deepcsr_224022_C_mwrm_rh_pial.stl
deepcsr,227432,lh,63,359470,368489,/data/users2/washbee/speedrun/mwexperiments/BrainPlots/scripts/medialwallv2/deepcsr/deepcsr_227432_C_mwrm_lh_white.stl,/data/users2/washbee/speedrun/mwexperiments/BrainPlots/scripts/medialwallv2/deepcsr/deepcsr_227432_C_mwrm_lh_pial.stl
deepcsr,227432,rh,115,362228,370255,/data/users2/washbee/speedrun/mwexperiments/BrainPlots/scripts/medialwallv2/deepcsr/deepcsr_227432_C_mwrm_rh_white.stl,/data/users2/washbee/speedrun/mwexperiments/BrainPlots/scripts/medialwallv2/deepcsr/deepcsr_227432_C_mwrm_rh_pial.stl
deepcsr,228434,lh,3733,394448,358457,/data/users2/washbee/speedrun/mwexperiments/BrainPlots/scripts/medialwallv2/deepcsr/deepcsr_228434_C_mwrm_lh_white.stl,/data/users2/washbee/speedrun/mwexperiments/BrainPlots/scripts/medialwallv2/deepcsr/deepcsr_228434_C_mwrm_lh_pial.stl
deepcsr,228434,rh,169,400885,346386,/data/users2/washbee/speedrun/mwexperiments/BrainPlots/scripts/medialwallv2/deepcsr/deepcsr_228434_C_mwrm_rh_white.stl,/data/users2/washbee/speedrun/mwexperiments/BrainPlots/scripts/medialwallv2/deepcsr/deepcsr_228434_C_mwrm_rh_pial.stl
deepcsr,231928,lh,269,373040,319628,/data/users2/washbee/speedrun/mwexperiments/BrainPlots/scripts/medialwallv2/deepcsr/deepcsr_231928_C_mwrm_lh_white.stl,/data/users2/washbee/speedrun/mwexperiments/BrainPlots/scripts/medialwallv2/deepcsr/deepcsr_231928_C_mwrm_lh_pial.stl
deepcsr,231928,rh,186,397819,329534,/data/users2/washbee/speedrun/mwexperiments/BrainPlots/scripts/medialwallv2/deepcsr/deepcsr_231928_C_mwrm_rh_white.stl,/data/users2/washbee/speedrun/mwexperiments/BrainPlots/scripts/medialwallv2/deepcsr/deepcsr_231928_C_mwrm_rh_pial.stl
deepcsr,233326,lh,1346,398066,348543,/data/users2/washbee/speedrun/mwexperiments/BrainPlots/scripts/medialwallv2/deepcsr/deepcsr_233326_C_mwrm_lh_white.stl,/data/users2/washbee/speedrun/mwexperiments/BrainPlots/scripts/medialwallv2/deepcsr/deepcsr_233326_C_mwrm_lh_pial.stl
deepcsr,233326,rh,664,405905,345454,/data/users2/washbee/speedrun/mwexperiments/BrainPlots/scripts/medialwallv2/deepcsr/deepcsr_233326_C_mwrm_rh_white.stl,/data/users2/washbee/speedrun/mwexperiments/BrainPlots/scripts/medialwallv2/deepcsr/deepcsr_233326_C_mwrm_rh_pial.stl
deepcsr,236130,lh,239,408498,330737,/data/users2/washbee/speedrun/mwexperiments/BrainPlots/scripts/medialwallv2/deepcsr/deepcsr_236130_C_mwrm_lh_white.stl,/data/users2/washbee/speedrun/mwexperiments/BrainPlots/scripts/medialwallv2/deepcsr/deepcsr_236130_C_mwrm_lh_pial.stl
deepcsr,236130,rh,58,410721,322995,/data/users2/washbee/speedrun/mwexperiments/BrainPlots/scripts/medialwallv2/deepcsr/deepcsr_236130_C_mwrm_rh_white.stl,/data/users2/washbee/speedrun/mwexperiments/BrainPlots/scripts/medialwallv2/deepcsr/deepcsr_236130_C_mwrm_rh_pial.stl
deepcsr,237334,lh,218,378183,356614,/data/users2/washbee/speedrun/mwexperiments/BrainPlots/scripts/medialwallv2/deepcsr/deepcsr_237334_C_mwrm_lh_white.stl,/data/users2/washbee/speedrun/mwexperiments/BrainPlots/scripts/medialwallv2/deepcsr/deepcsr_237334_C_mwrm_lh_pial.stl
deepcsr,237334,rh,1540,379202,353159,/data/users2/washbee/speedrun/mwexperiments/BrainPlots/scripts/medialwallv2/deepcsr/deepcsr_237334_C_mwrm_rh_white.stl,/data/users2/washbee/speedrun/mwexperiments/BrainPlots/scripts/medialwallv2/deepcsr/deepcsr_237334_C_mwrm_rh_pial.stl
deepcsr,239944,lh,917,396989,352051,/data/users2/washbee/speedrun/mwexperiments/BrainPlots/scripts/medialwallv2/deepcsr/deepcsr_239944_C_mwrm_lh_white.stl,/data/users2/washbee/speedrun/mwexperiments/BrainPlots/scripts/medialwallv2/deepcsr/deepcsr_239944_C_mwrm_lh_pial.stl
deepcsr,239944,rh,231,392705,354932,/data/users2/washbee/speedrun/mwexperiments/BrainPlots/scripts/medialwallv2/deepcsr/deepcsr_239944_C_mwrm_rh_white.stl,/data/users2/washbee/speedrun/mwexperiments/BrainPlots/scripts/medialwallv2/deepcsr/deepcsr_239944_C_mwrm_rh_pial.stl
deepcsr,245333,lh,30,378841,338609,/data/users2/washbee/speedrun/mwexperiments/BrainPlots/scripts/medialwallv2/deepcsr/deepcsr_245333_C_mwrm_lh_white.stl,/data/users2/washbee/speedrun/mwexperiments/BrainPlots/scripts/medialwallv2/deepcsr/deepcsr_245333_C_mwrm_lh_pial.stl
deepcsr,245333,rh,0,400329,336453,/data/users2/washbee/speedrun/mwexperiments/BrainPlots/scripts/medialwallv2/deepcsr/deepcsr_245333_C_mwrm_rh_white.stl,/data/users2/washbee/speedrun/mwexperiments/BrainPlots/scripts/medialwallv2/deepcsr/deepcsr_245333_C_mwrm_rh_pial.stl
deepcsr,246133,lh,271,389970,311561,/data/users2/washbee/speedrun/mwexperiments/BrainPlots/scripts/medialwallv2/deepcsr/deepcsr_246133_C_mwrm_lh_white.stl,/data/users2/washbee/speedrun/mwexperiments/BrainPlots/scripts/medialwallv2/deepcsr/deepcsr_246133_C_mwrm_lh_pial.stl
deepcsr,246133,rh,0,391015,315836,/data/users2/washbee/speedrun/mwexperiments/BrainPlots/scripts/medialwallv2/deepcsr/deepcsr_246133_C_mwrm_rh_white.stl,/data/users2/washbee/speedrun/mwexperiments/BrainPlots/scripts/medialwallv2/deepcsr/deepcsr_246133_C_mwrm_rh_pial.stl
deepcsr,248339,lh,485,396264,361221,/data/users2/washbee/speedrun/mwexperiments/BrainPlots/scripts/medialwallv2/deepcsr/deepcsr_248339_C_mwrm_lh_white.stl,/data/users2/washbee/speedrun/mwexperiments/BrainPlots/scripts/medialwallv2/deepcsr/deepcsr_248339_C_mwrm_lh_pial.stl
deepcsr,248339,rh,0,406155,354467,/data/users2/washbee/speedrun/mwexperiments/BrainPlots/scripts/medialwallv2/deepcsr/deepcsr_248339_C_mwrm_rh_white.stl,/data/users2/washbee/speedrun/mwexperiments/BrainPlots/scripts/medialwallv2/deepcsr/deepcsr_248339_C_mwrm_rh_pial.stl
deepcsr,249947,lh,46,413532,322937,/data/users2/washbee/speedrun/mwexperiments/BrainPlots/scripts/medialwallv2/deepcsr/deepcsr_249947_C_mwrm_lh_white.stl,/data/users2/washbee/speedrun/mwexperiments/BrainPlots/scripts/medialwallv2/deepcsr/deepcsr_249947_C_mwrm_lh_pial.stl
deepcsr,249947,rh,13,425029,315953,/data/users2/washbee/speedrun/mwexperiments/BrainPlots/scripts/medialwallv2/deepcsr/deepcsr_249947_C_mwrm_rh_white.stl,/data/users2/washbee/speedrun/mwexperiments/BrainPlots/scripts/medialwallv2/deepcsr/deepcsr_249947_C_mwrm_rh_pial.stl
deepcsr,250427,lh,1200,397508,364811,/data/users2/washbee/speedrun/mwexperiments/BrainPlots/scripts/medialwallv2/deepcsr/deepcsr_250427_C_mwrm_lh_white.stl,/data/users2/washbee/speedrun/mwexperiments/BrainPlots/scripts/medialwallv2/deepcsr/deepcsr_250427_C_mwrm_lh_pial.stl
deepcsr,250427,rh,1569,414881,357029,/data/users2/washbee/speedrun/mwexperiments/BrainPlots/scripts/medialwallv2/deepcsr/deepcsr_250427_C_mwrm_rh_white.stl,/data/users2/washbee/speedrun/mwexperiments/BrainPlots/scripts/medialwallv2/deepcsr/deepcsr_250427_C_mwrm_rh_pial.stl
deepcsr,250932,lh,48,402602,312164,/data/users2/washbee/speedrun/mwexperiments/BrainPlots/scripts/medialwallv2/deepcsr/deepcsr_250932_C_mwrm_lh_white.stl,/data/users2/washbee/speedrun/mwexperiments/BrainPlots/scripts/medialwallv2/deepcsr/deepcsr_250932_C_mwrm_lh_pial.stl
deepcsr,250932,rh,117,414075,322976,/data/users2/washbee/speedrun/mwexperiments/BrainPlots/scripts/medialwallv2/deepcsr/deepcsr_250932_C_mwrm_rh_white.stl,/data/users2/washbee/speedrun/mwexperiments/BrainPlots/scripts/medialwallv2/deepcsr/deepcsr_250932_C_mwrm_rh_pial.stl
deepcsr,251833,lh,0,395130,387022,/data/users2/washbee/speedrun/mwexperiments/BrainPlots/scripts/medialwallv2/deepcsr/deepcsr_251833_C_mwrm_lh_white.stl,/data/users2/washbee/speedrun/mwexperiments/BrainPlots/scripts/medialwallv2/deepcsr/deepcsr_251833_C_mwrm_lh_pial.stl
deepcsr,251833,rh,740,408781,377433,/data/users2/washbee/speedrun/mwexperiments/BrainPlots/scripts/medialwallv2/deepcsr/deepcsr_251833_C_mwrm_rh_white.stl,/data/users2/washbee/speedrun/mwexperiments/BrainPlots/scripts/medialwallv2/deepcsr/deepcsr_251833_C_mwrm_rh_pial.stl
deepcsr,255639,lh,191,377945,371789,/data/users2/washbee/speedrun/mwexperiments/BrainPlots/scripts/medialwallv2/deepcsr/deepcsr_255639_C_mwrm_lh_white.stl,/data/users2/washbee/speedrun/mwexperiments/BrainPlots/scripts/medialwallv2/deepcsr/deepcsr_255639_C_mwrm_lh_pial.stl
deepcsr,255639,rh,413,388068,369907,/data/users2/washbee/speedrun/mwexperiments/BrainPlots/scripts/medialwallv2/deepcsr/deepcsr_255639_C_mwrm_rh_white.stl,/data/users2/washbee/speedrun/mwexperiments/BrainPlots/scripts/medialwallv2/deepcsr/deepcsr_255639_C_mwrm_rh_pial.stl
deepcsr,256540,lh,0,378884,303157,/data/users2/washbee/speedrun/mwexperiments/BrainPlots/scripts/medialwallv2/deepcsr/deepcsr_256540_C_mwrm_lh_white.stl,/data/users2/washbee/speedrun/mwexperiments/BrainPlots/scripts/medialwallv2/deepcsr/deepcsr_256540_C_mwrm_lh_pial.stl
deepcsr,256540,rh,846,390620,289292,/data/users2/washbee/speedrun/mwexperiments/BrainPlots/scripts/medialwallv2/deepcsr/deepcsr_256540_C_mwrm_rh_white.stl,/data/users2/washbee/speedrun/mwexperiments/BrainPlots/scripts/medialwallv2/deepcsr/deepcsr_256540_C_mwrm_rh_pial.stl
deepcsr,257542,lh,164,394376,316159,/data/users2/washbee/speedrun/mwexperiments/BrainPlots/scripts/medialwallv2/deepcsr/deepcsr_257542_C_mwrm_lh_white.stl,/data/users2/washbee/speedrun/mwexperiments/BrainPlots/scripts/medialwallv2/deepcsr/deepcsr_257542_C_mwrm_lh_pial.stl
deepcsr,257542,rh,146,405207,324738,/data/users2/washbee/speedrun/mwexperiments/BrainPlots/scripts/medialwallv2/deepcsr/deepcsr_257542_C_mwrm_rh_white.stl,/data/users2/washbee/speedrun/mwexperiments/BrainPlots/scripts/medialwallv2/deepcsr/deepcsr_257542_C_mwrm_rh_pial.stl
deepcsr,257845,lh,861,391874,411025,/data/users2/washbee/speedrun/mwexperiments/BrainPlots/scripts/medialwallv2/deepcsr/deepcsr_257845_C_mwrm_lh_white.stl,/data/users2/washbee/speedrun/mwexperiments/BrainPlots/scripts/medialwallv2/deepcsr/deepcsr_257845_C_mwrm_lh_pial.stl
deepcsr,257845,rh,0,400132,395658,/data/users2/washbee/speedrun/mwexperiments/BrainPlots/scripts/medialwallv2/deepcsr/deepcsr_257845_C_mwrm_rh_white.stl,/data/users2/washbee/speedrun/mwexperiments/BrainPlots/scripts/medialwallv2/deepcsr/deepcsr_257845_C_mwrm_rh_pial.stl
deepcsr,263436,lh,51,410207,353315,/data/users2/washbee/speedrun/mwexperiments/BrainPlots/scripts/medialwallv2/deepcsr/deepcsr_263436_C_mwrm_lh_white.stl,/data/users2/washbee/speedrun/mwexperiments/BrainPlots/scripts/medialwallv2/deepcsr/deepcsr_263436_C_mwrm_lh_pial.stl
deepcsr,263436,rh,769,416525,373810,/data/users2/washbee/speedrun/mwexperiments/BrainPlots/scripts/medialwallv2/deepcsr/deepcsr_263436_C_mwrm_rh_white.stl,/data/users2/washbee/speedrun/mwexperiments/BrainPlots/scripts/medialwallv2/deepcsr/deepcsr_263436_C_mwrm_rh_pial.stl
deepcsr,268749,lh,298,419790,311223,/data/users2/washbee/speedrun/mwexperiments/BrainPlots/scripts/medialwallv2/deepcsr/deepcsr_268749_C_mwrm_lh_white.stl,/data/users2/washbee/speedrun/mwexperiments/BrainPlots/scripts/medialwallv2/deepcsr/deepcsr_268749_C_mwrm_lh_pial.stl
deepcsr,268749,rh,61,436846,313788,/data/users2/washbee/speedrun/mwexperiments/BrainPlots/scripts/medialwallv2/deepcsr/deepcsr_268749_C_mwrm_rh_white.stl,/data/users2/washbee/speedrun/mwexperiments/BrainPlots/scripts/medialwallv2/deepcsr/deepcsr_268749_C_mwrm_rh_pial.stl
deepcsr,268850,lh,0,405419,329353,/data/users2/washbee/speedrun/mwexperiments/BrainPlots/scripts/medialwallv2/deepcsr/deepcsr_268850_C_mwrm_lh_white.stl,/data/users2/washbee/speedrun/mwexperiments/BrainPlots/scripts/medialwallv2/deepcsr/deepcsr_268850_C_mwrm_lh_pial.stl
deepcsr,268850,rh,0,408919,314998,/data/users2/washbee/speedrun/mwexperiments/BrainPlots/scripts/medialwallv2/deepcsr/deepcsr_268850_C_mwrm_rh_white.stl,/data/users2/washbee/speedrun/mwexperiments/BrainPlots/scripts/medialwallv2/deepcsr/deepcsr_268850_C_mwrm_rh_pial.stl
deepcsr,270332,lh,500,405487,361921,/data/users2/washbee/speedrun/mwexperiments/BrainPlots/scripts/medialwallv2/deepcsr/deepcsr_270332_C_mwrm_lh_white.stl,/data/users2/washbee/speedrun/mwexperiments/BrainPlots/scripts/medialwallv2/deepcsr/deepcsr_270332_C_mwrm_lh_pial.stl
deepcsr,270332,rh,501,430834,339781,/data/users2/washbee/speedrun/mwexperiments/BrainPlots/scripts/medialwallv2/deepcsr/deepcsr_270332_C_mwrm_rh_white.stl,/data/users2/washbee/speedrun/mwexperiments/BrainPlots/scripts/medialwallv2/deepcsr/deepcsr_270332_C_mwrm_rh_pial.stl
deepcsr,275645,lh,0,396132,341475,/data/users2/washbee/speedrun/mwexperiments/BrainPlots/scripts/medialwallv2/deepcsr/deepcsr_275645_C_mwrm_lh_white.stl,/data/users2/washbee/speedrun/mwexperiments/BrainPlots/scripts/medialwallv2/deepcsr/deepcsr_275645_C_mwrm_lh_pial.stl
deepcsr,275645,rh,0,401677,331534,/data/users2/washbee/speedrun/mwexperiments/BrainPlots/scripts/medialwallv2/deepcsr/deepcsr_275645_C_mwrm_rh_white.stl,/data/users2/washbee/speedrun/mwexperiments/BrainPlots/scripts/medialwallv2/deepcsr/deepcsr_275645_C_mwrm_rh_pial.stl
deepcsr,280739,lh,1239,372486,337169,/data/users2/washbee/speedrun/mwexperiments/BrainPlots/scripts/medialwallv2/deepcsr/deepcsr_280739_C_mwrm_lh_white.stl,/data/users2/washbee/speedrun/mwexperiments/BrainPlots/scripts/medialwallv2/deepcsr/deepcsr_280739_C_mwrm_lh_pial.stl
deepcsr,280739,rh,349,381027,333054,/data/users2/washbee/speedrun/mwexperiments/BrainPlots/scripts/medialwallv2/deepcsr/deepcsr_280739_C_mwrm_rh_white.stl,/data/users2/washbee/speedrun/mwexperiments/BrainPlots/scripts/medialwallv2/deepcsr/deepcsr_280739_C_mwrm_rh_pial.stl
deepcsr,280941,lh,0,382790,353315,/data/users2/washbee/speedrun/mwexperiments/BrainPlots/scripts/medialwallv2/deepcsr/deepcsr_280941_C_mwrm_lh_white.stl,/data/users2/washbee/speedrun/mwexperiments/BrainPlots/scripts/medialwallv2/deepcsr/deepcsr_280941_C_mwrm_lh_pial.stl
deepcsr,280941,rh,106,394239,339290,/data/users2/washbee/speedrun/mwexperiments/BrainPlots/scripts/medialwallv2/deepcsr/deepcsr_280941_C_mwrm_rh_white.stl,/data/users2/washbee/speedrun/mwexperiments/BrainPlots/scripts/medialwallv2/deepcsr/deepcsr_280941_C_mwrm_rh_pial.stl
deepcsr,283543,lh,1455,390981,402587,/data/users2/washbee/speedrun/mwexperiments/BrainPlots/scripts/medialwallv2/deepcsr/deepcsr_283543_C_mwrm_lh_white.stl,/data/users2/washbee/speedrun/mwexperiments/BrainPlots/scripts/medialwallv2/deepcsr/deepcsr_283543_C_mwrm_lh_pial.stl
deepcsr,283543,rh,201,406171,367629,/data/users2/washbee/speedrun/mwexperiments/BrainPlots/scripts/medialwallv2/deepcsr/deepcsr_283543_C_mwrm_rh_white.stl,/data/users2/washbee/speedrun/mwexperiments/BrainPlots/scripts/medialwallv2/deepcsr/deepcsr_283543_C_mwrm_rh_pial.stl
deepcsr,284646,lh,92,365983,306601,/data/users2/washbee/speedrun/mwexperiments/BrainPlots/scripts/medialwallv2/deepcsr/deepcsr_284646_C_mwrm_lh_white.stl,/data/users2/washbee/speedrun/mwexperiments/BrainPlots/scripts/medialwallv2/deepcsr/deepcsr_284646_C_mwrm_lh_pial.stl
deepcsr,284646,rh,0,374130,303473,/data/users2/washbee/speedrun/mwexperiments/BrainPlots/scripts/medialwallv2/deepcsr/deepcsr_284646_C_mwrm_rh_white.stl,/data/users2/washbee/speedrun/mwexperiments/BrainPlots/scripts/medialwallv2/deepcsr/deepcsr_284646_C_mwrm_rh_pial.stl
deepcsr,285345,lh,130,380115,328796,/data/users2/washbee/speedrun/mwexperiments/BrainPlots/scripts/medialwallv2/deepcsr/deepcsr_285345_C_mwrm_lh_white.stl,/data/users2/washbee/speedrun/mwexperiments/BrainPlots/scripts/medialwallv2/deepcsr/deepcsr_285345_C_mwrm_lh_pial.stl
deepcsr,285345,rh,98,400260,326009,/data/users2/washbee/speedrun/mwexperiments/BrainPlots/scripts/medialwallv2/deepcsr/deepcsr_285345_C_mwrm_rh_white.stl,/data/users2/washbee/speedrun/mwexperiments/BrainPlots/scripts/medialwallv2/deepcsr/deepcsr_285345_C_mwrm_rh_pial.stl
deepcsr,285446,lh,675,387547,390728,/data/users2/washbee/speedrun/mwexperiments/BrainPlots/scripts/medialwallv2/deepcsr/deepcsr_285446_C_mwrm_lh_white.stl,/data/users2/washbee/speedrun/mwexperiments/BrainPlots/scripts/medialwallv2/deepcsr/deepcsr_285446_C_mwrm_lh_pial.stl
deepcsr,285446,rh,767,404456,388121,/data/users2/washbee/speedrun/mwexperiments/BrainPlots/scripts/medialwallv2/deepcsr/deepcsr_285446_C_mwrm_rh_white.stl,/data/users2/washbee/speedrun/mwexperiments/BrainPlots/scripts/medialwallv2/deepcsr/deepcsr_285446_C_mwrm_rh_pial.stl
deepcsr,286650,lh,305,384342,333495,/data/users2/washbee/speedrun/mwexperiments/BrainPlots/scripts/medialwallv2/deepcsr/deepcsr_286650_C_mwrm_lh_white.stl,/data/users2/washbee/speedrun/mwexperiments/BrainPlots/scripts/medialwallv2/deepcsr/deepcsr_286650_C_mwrm_lh_pial.stl
deepcsr,286650,rh,0,380819,317414,/data/users2/washbee/speedrun/mwexperiments/BrainPlots/scripts/medialwallv2/deepcsr/deepcsr_286650_C_mwrm_rh_white.stl,/data/users2/washbee/speedrun/mwexperiments/BrainPlots/scripts/medialwallv2/deepcsr/deepcsr_286650_C_mwrm_rh_pial.stl
deepcsr,287248,lh,452,391528,335659,/data/users2/washbee/speedrun/mwexperiments/BrainPlots/scripts/medialwallv2/deepcsr/deepcsr_287248_C_mwrm_lh_white.stl,/data/users2/washbee/speedrun/mwexperiments/BrainPlots/scripts/medialwallv2/deepcsr/deepcsr_287248_C_mwrm_lh_pial.stl
deepcsr,287248,rh,167,400416,328572,/data/users2/washbee/speedrun/mwexperiments/BrainPlots/scripts/medialwallv2/deepcsr/deepcsr_287248_C_mwrm_rh_white.stl,/data/users2/washbee/speedrun/mwexperiments/BrainPlots/scripts/medialwallv2/deepcsr/deepcsr_287248_C_mwrm_rh_pial.stl
deepcsr,289555,lh,137,365136,313396,/data/users2/washbee/speedrun/mwexperiments/BrainPlots/scripts/medialwallv2/deepcsr/deepcsr_289555_C_mwrm_lh_white.stl,/data/users2/washbee/speedrun/mwexperiments/BrainPlots/scripts/medialwallv2/deepcsr/deepcsr_289555_C_mwrm_lh_pial.stl
deepcsr,289555,rh,778,378639,297864,/data/users2/washbee/speedrun/mwexperiments/BrainPlots/scripts/medialwallv2/deepcsr/deepcsr_289555_C_mwrm_rh_white.stl,/data/users2/washbee/speedrun/mwexperiments/BrainPlots/scripts/medialwallv2/deepcsr/deepcsr_289555_C_mwrm_rh_pial.stl
deepcsr,290136,lh,389,388002,346522,/data/users2/washbee/speedrun/mwexperiments/BrainPlots/scripts/medialwallv2/deepcsr/deepcsr_290136_C_mwrm_lh_white.stl,/data/users2/washbee/speedrun/mwexperiments/BrainPlots/scripts/medialwallv2/deepcsr/deepcsr_290136_C_mwrm_lh_pial.stl
deepcsr,290136,rh,1321,399329,349557,/data/users2/washbee/speedrun/mwexperiments/BrainPlots/scripts/medialwallv2/deepcsr/deepcsr_290136_C_mwrm_rh_white.stl,/data/users2/washbee/speedrun/mwexperiments/BrainPlots/scripts/medialwallv2/deepcsr/deepcsr_290136_C_mwrm_rh_pial.stl
deepcsr,293748,lh,2370,362409,350186,/data/users2/washbee/speedrun/mwexperiments/BrainPlots/scripts/medialwallv2/deepcsr/deepcsr_293748_C_mwrm_lh_white.stl,/data/users2/washbee/speedrun/mwexperiments/BrainPlots/scripts/medialwallv2/deepcsr/deepcsr_293748_C_mwrm_lh_pial.stl
deepcsr,293748,rh,998,367847,333692,/data/users2/washbee/speedrun/mwexperiments/BrainPlots/scripts/medialwallv2/deepcsr/deepcsr_293748_C_mwrm_rh_white.stl,/data/users2/washbee/speedrun/mwexperiments/BrainPlots/scripts/medialwallv2/deepcsr/deepcsr_293748_C_mwrm_rh_pial.stl
deepcsr,295146,lh,51,371560,271491,/data/users2/washbee/speedrun/mwexperiments/BrainPlots/scripts/medialwallv2/deepcsr/deepcsr_295146_C_mwrm_lh_white.stl,/data/users2/washbee/speedrun/mwexperiments/BrainPlots/scripts/medialwallv2/deepcsr/deepcsr_295146_C_mwrm_lh_pial.stl
deepcsr,297655,lh,199,352144,314192,/data/users2/washbee/speedrun/mwexperiments/BrainPlots/scripts/medialwallv2/deepcsr/deepcsr_297655_C_mwrm_lh_white.stl,/data/users2/washbee/speedrun/mwexperiments/BrainPlots/scripts/medialwallv2/deepcsr/deepcsr_297655_C_mwrm_lh_pial.stl
deepcsr,295146,rh,90,384600,283924,/data/users2/washbee/speedrun/mwexperiments/BrainPlots/scripts/medialwallv2/deepcsr/deepcsr_295146_C_mwrm_rh_white.stl,/data/users2/washbee/speedrun/mwexperiments/BrainPlots/scripts/medialwallv2/deepcsr/deepcsr_295146_C_mwrm_rh_pial.stl
deepcsr,297655,rh,563,350367,323602,/data/users2/washbee/speedrun/mwexperiments/BrainPlots/scripts/medialwallv2/deepcsr/deepcsr_297655_C_mwrm_rh_white.stl,/data/users2/washbee/speedrun/mwexperiments/BrainPlots/scripts/medialwallv2/deepcsr/deepcsr_297655_C_mwrm_rh_pial.stl
deepcsr,298051,lh,797,400293,400605,/data/users2/washbee/speedrun/mwexperiments/BrainPlots/scripts/medialwallv2/deepcsr/deepcsr_298051_C_mwrm_lh_white.stl,/data/users2/washbee/speedrun/mwexperiments/BrainPlots/scripts/medialwallv2/deepcsr/deepcsr_298051_C_mwrm_lh_pial.stl
deepcsr,298455,lh,1919,387970,385489,/data/users2/washbee/speedrun/mwexperiments/BrainPlots/scripts/medialwallv2/deepcsr/deepcsr_298455_C_mwrm_lh_white.stl,/data/users2/washbee/speedrun/mwexperiments/BrainPlots/scripts/medialwallv2/deepcsr/deepcsr_298455_C_mwrm_lh_pial.stl
deepcsr,298051,rh,697,425178,369985,/data/users2/washbee/speedrun/mwexperiments/BrainPlots/scripts/medialwallv2/deepcsr/deepcsr_298051_C_mwrm_rh_white.stl,/data/users2/washbee/speedrun/mwexperiments/BrainPlots/scripts/medialwallv2/deepcsr/deepcsr_298051_C_mwrm_rh_pial.stl
deepcsr,298455,rh,0,393315,360979,/data/users2/washbee/speedrun/mwexperiments/BrainPlots/scripts/medialwallv2/deepcsr/deepcsr_298455_C_mwrm_rh_white.stl,/data/users2/washbee/speedrun/mwexperiments/BrainPlots/scripts/medialwallv2/deepcsr/deepcsr_298455_C_mwrm_rh_pial.stl
deepcsr,299154,lh,194,427930,324783,/data/users2/washbee/speedrun/mwexperiments/BrainPlots/scripts/medialwallv2/deepcsr/deepcsr_299154_C_mwrm_lh_white.stl,/data/users2/washbee/speedrun/mwexperiments/BrainPlots/scripts/medialwallv2/deepcsr/deepcsr_299154_C_mwrm_lh_pial.stl
deepcsr,299154,rh,221,435559,323346,/data/users2/washbee/speedrun/mwexperiments/BrainPlots/scripts/medialwallv2/deepcsr/deepcsr_299154_C_mwrm_rh_white.stl,/data/users2/washbee/speedrun/mwexperiments/BrainPlots/scripts/medialwallv2/deepcsr/deepcsr_299154_C_mwrm_rh_pial.stl
