cortexode,0,3.3981876332622605,1.5923942689837132,/data/users2/llu13/output/cortexode/pred/lh_pial/adni_lh_200008.pial_converted.stl
cortexode,1,3.9358887124820443,1.7991047654687027,/data/users2/llu13/output/cortexode/pred/lh_pial/adni_lh_200109.pial_converted.stl
cortexode,2,2.3206830642321816,0.9300864529698576,/data/users2/llu13/output/cortexode/pred/lh_pial/adni_lh_200210.pial_converted.stl
cortexode,3,3.3994432846207374,1.415855739519439,/data/users2/llu13/output/cortexode/pred/lh_pial/adni_lh_200311.pial_converted.stl
cortexode,4,3.5930570423612176,1.5595269812433001,/data/users2/llu13/output/cortexode/pred/lh_pial/adni_lh_200614.pial_converted.stl
cortexode,5,2.8318737470418887,1.1198356416939323,/data/users2/llu13/output/cortexode/pred/lh_pial/adni_lh_200917.pial_converted.stl
cortexode,6,3.412460663277657,1.5193965075210947,/data/users2/llu13/output/cortexode/pred/lh_pial/adni_lh_201111.pial_converted.stl
cortexode,7,3.941898446006137,1.7506130069961532,/data/users2/llu13/output/cortexode/pred/lh_pial/adni_lh_201414.pial_converted.stl
cortexode,8,3.742678061065678,2.12211877326176,/data/users2/llu13/output/cortexode/pred/lh_pial/adni_lh_201515.pial_converted.stl
cortexode,9,2.8792706549507314,1.1409490443867496,/data/users2/llu13/output/cortexode/pred/lh_pial/adni_lh_201717.pial_converted.stl
cortexode,10,3.577040124375641,2.1160586501576044,/data/users2/llu13/output/cortexode/pred/lh_pial/adni_lh_201818.pial_converted.stl
cortexode,11,3.0786366037897506,1.2828292945420836,/data/users2/llu13/output/cortexode/pred/lh_pial/adni_lh_202113.pial_converted.stl
cortexode,12,3.2325770453033775,1.6265844902627316,/data/users2/llu13/output/cortexode/pred/lh_pial/adni_lh_202719.pial_converted.stl
cortexode,13,4.026909529400565,1.9384491541194748,/data/users2/llu13/output/cortexode/pred/lh_pial/adni_lh_203418.pial_converted.stl
cortexode,14,3.4106211075576502,1.9081058118602976,/data/users2/llu13/output/cortexode/pred/lh_pial/adni_lh_203721.pial_converted.stl
cortexode,15,3.1652689711597466,1.3758825956033136,/data/users2/llu13/output/cortexode/pred/lh_pial/adni_lh_203923.pial_converted.stl
cortexode,16,3.2034778681120146,1.4167504318983508,/data/users2/llu13/output/cortexode/pred/lh_pial/adni_lh_204016.pial_converted.stl
cortexode,17,3.68440821323243,1.6234685594548166,/data/users2/llu13/output/cortexode/pred/lh_pial/adni_lh_204319.pial_converted.stl
cortexode,18,3.7275292363933206,2.1153327943950417,/data/users2/llu13/output/cortexode/pred/lh_pial/adni_lh_204420.pial_converted.stl
cortexode,19,4.608474992975555,2.0863890946233123,/data/users2/llu13/output/cortexode/pred/lh_pial/adni_lh_204521.pial_converted.stl
cortexode,20,2.952902878986979,1.2225494252314082,/data/users2/llu13/output/cortexode/pred/lh_pial/adni_lh_204622.pial_converted.stl
cortexode,21,2.3693246577121174,1.3096506808762582,/data/users2/llu13/output/cortexode/pred/lh_pial/adni_lh_205119.pial_converted.stl
cortexode,22,3.815012066239494,1.8537353735373536,/data/users2/llu13/output/cortexode/pred/lh_pial/adni_lh_205220.pial_converted.stl
cortexode,23,4.495944798684995,2.323891453863488,/data/users2/llu13/output/cortexode/pred/lh_pial/adni_lh_205725.pial_converted.stl
cortexode,24,3.417714939182867,1.644148460457391,/data/users2/llu13/output/cortexode/pred/lh_pial/adni_lh_205826.pial_converted.stl
cortexode,25,3.671683859613981,1.7739066190980761,/data/users2/llu13/output/cortexode/pred/lh_pial/adni_lh_206222.pial_converted.stl
cortexode,26,3.0043366419307485,1.4351137827237732,/data/users2/llu13/output/cortexode/pred/lh_pial/adni_lh_207123.pial_converted.stl
cortexode,27,3.1754631817367076,1.2811109481198963,/data/users2/llu13/output/cortexode/pred/lh_pial/adni_lh_207426.pial_converted.stl
cortexode,28,3.2657562134192895,1.6534071916336373,/data/users2/llu13/output/cortexode/pred/lh_pial/adni_lh_207628.pial_converted.stl
cortexode,29,3.2656474379181115,1.9028403956760582,/data/users2/llu13/output/cortexode/pred/lh_pial/adni_lh_208024.pial_converted.stl
cortexode,30,3.3322554318535285,1.481580912271282,/data/users2/llu13/output/cortexode/pred/lh_pial/adni_lh_208125.pial_converted.stl
cortexode,31,3.8751709161103514,1.9161936280257146,/data/users2/llu13/output/cortexode/pred/lh_pial/adni_lh_208226.pial_converted.stl
cortexode,32,3.0015114131066642,1.4213736224447975,/data/users2/llu13/output/cortexode/pred/lh_pial/adni_lh_208327.pial_converted.stl
cortexode,33,3.739705416534685,2.1726043889892193,/data/users2/llu13/output/cortexode/pred/lh_pial/adni_lh_208428.pial_converted.stl
cortexode,34,3.8177101794863533,2.079516046255146,/data/users2/llu13/output/cortexode/pred/lh_pial/adni_lh_209127.pial_converted.stl
cortexode,35,2.98683079151016,1.1930350539219634,/data/users2/llu13/output/cortexode/pred/lh_pial/adni_lh_209228.pial_converted.stl
cortexode,36,4.413152661206054,2.290964805797655,/data/users2/llu13/output/cortexode/pred/lh_pial/adni_lh_209329.pial_converted.stl
cortexode,37,4.058396321710962,2.0835427406269296,/data/users2/llu13/output/cortexode/pred/lh_pial/adni_lh_209834.pial_converted.stl
cortexode,38,3.1630260580518788,1.4285231906597784,/data/users2/llu13/output/cortexode/pred/lh_pial/adni_lh_209935.pial_converted.stl
cortexode,39,3.0407460715504575,1.4207145756560358,/data/users2/llu13/output/cortexode/pred/lh_pial/adni_lh_210011.pial_converted.stl
cortexode,40,3.29485039830698,1.4968581104234167,/data/users2/llu13/output/cortexode/pred/lh_pial/adni_lh_210415.pial_converted.stl
cortexode,41,3.8589252659987845,1.6374946872222864,/data/users2/llu13/output/cortexode/pred/lh_pial/adni_lh_210617.pial_converted.stl
cortexode,42,3.0891912320483748,1.4215941148342344,/data/users2/llu13/output/cortexode/pred/lh_pial/adni_lh_211114.pial_converted.stl
cortexode,43,2.9437269251487956,1.4634067316709658,/data/users2/llu13/output/cortexode/pred/lh_pial/adni_lh_211215.pial_converted.stl
cortexode,44,3.273630076254655,1.53685402063651,/data/users2/llu13/output/cortexode/pred/lh_pial/adni_lh_211316.pial_converted.stl
cortexode,45,3.9749760140927037,2.2067883469978558,/data/users2/llu13/output/cortexode/pred/lh_pial/adni_lh_211417.pial_converted.stl
cortexode,46,2.9865204103907446,1.5078479017534643,/data/users2/llu13/output/cortexode/pred/lh_pial/adni_lh_211720.pial_converted.stl
cortexode,47,3.207489020725788,1.6055292655705748,/data/users2/llu13/output/cortexode/pred/lh_pial/adni_lh_211922.pial_converted.stl
cortexode,48,2.812344626749059,1.148609229613076,/data/users2/llu13/output/cortexode/pred/lh_pial/adni_lh_212015.pial_converted.stl
cortexode,49,3.1872043653035855,1.5082673661529815,/data/users2/llu13/output/cortexode/pred/lh_pial/adni_lh_212116.pial_converted.stl
cortexode,50,3.8920952958730264,1.7664990024948786,/data/users2/llu13/output/cortexode/pred/lh_pial/adni_lh_212217.pial_converted.stl
cortexode,51,4.164895696968666,2.00475092736698,/data/users2/llu13/output/cortexode/pred/lh_pial/adni_lh_212318.pial_converted.stl
cortexode,52,2.8086652025003453,1.1141660978192185,/data/users2/llu13/output/cortexode/pred/lh_pial/adni_lh_212419.pial_converted.stl
cortexode,53,3.517391811841606,1.6374046858739222,/data/users2/llu13/output/cortexode/pred/lh_pial/adni_lh_212823.pial_converted.stl
cortexode,54,4.6176411086384785,2.7623544672234877,/data/users2/llu13/output/cortexode/pred/lh_pial/adni_lh_213421.pial_converted.stl
cortexode,55,3.935820769813864,1.9813268983327914,/data/users2/llu13/output/cortexode/pred/lh_pial/adni_lh_214019.pial_converted.stl
cortexode,56,4.5389920251013205,2.3414370974812018,/data/users2/llu13/output/cortexode/pred/lh_pial/adni_lh_214221.pial_converted.stl
cortexode,57,2.9359254116246776,1.312052454490553,/data/users2/llu13/output/cortexode/pred/lh_pial/adni_lh_214423.pial_converted.stl
cortexode,58,3.369528132556035,1.9004975517607956,/data/users2/llu13/output/cortexode/pred/lh_pial/adni_lh_214524.pial_converted.stl
cortexode,59,3.106942973831493,1.4970463790037405,/data/users2/llu13/output/cortexode/pred/lh_pial/adni_lh_214625.pial_converted.stl
cortexode,60,3.9072967317506437,1.7034459223354539,/data/users2/llu13/output/cortexode/pred/lh_pial/adni_lh_214726.pial_converted.stl
cortexode,61,3.0871727872310286,1.658688490837966,/data/users2/llu13/output/cortexode/pred/lh_pial/adni_lh_217126.pial_converted.stl
cortexode,62,3.1968091915765218,1.546168264195999,/data/users2/llu13/output/cortexode/pred/lh_pial/adni_lh_217429.pial_converted.stl
cortexode,63,2.984997642065551,1.423662049457363,/data/users2/llu13/output/cortexode/pred/lh_pial/adni_lh_220721.pial_converted.stl
cortexode,64,2.9256824234354193,1.529985224871926,/data/users2/llu13/output/cortexode/pred/lh_pial/adni_lh_221218.pial_converted.stl
cortexode,65,3.2740177093818774,1.6615148660610737,/data/users2/llu13/output/cortexode/pred/lh_pial/adni_lh_221319.pial_converted.stl
cortexode,66,2.5794782336430835,1.0566444537458333,/data/users2/llu13/output/cortexode/pred/lh_pial/adni_lh_223929.pial_converted.stl
cortexode,67,2.9143135703905374,1.3313405732415846,/data/users2/llu13/output/cortexode/pred/lh_pial/adni_lh_224022.pial_converted.stl
cortexode,68,3.5134337171538235,1.432978741338908,/data/users2/llu13/output/cortexode/pred/lh_pial/adni_lh_227432.pial_converted.stl
cortexode,69,3.7877881641232465,1.7396796500206664,/data/users2/llu13/output/cortexode/pred/lh_pial/adni_lh_228434.pial_converted.stl
cortexode,70,3.926306741700589,2.069122996610997,/data/users2/llu13/output/cortexode/pred/lh_pial/adni_lh_231928.pial_converted.stl
cortexode,71,3.0974227310352567,1.481220445974907,/data/users2/llu13/output/cortexode/pred/lh_pial/adni_lh_233326.pial_converted.stl
cortexode,72,2.9056204424669385,1.214168709807288,/data/users2/llu13/output/cortexode/pred/lh_pial/adni_lh_236130.pial_converted.stl
cortexode,73,3.614356560477431,1.5521323483909117,/data/users2/llu13/output/cortexode/pred/lh_pial/adni_lh_237334.pial_converted.stl
cortexode,74,3.6831758655743583,1.607605841895567,/data/users2/llu13/output/cortexode/pred/lh_pial/adni_lh_239944.pial_converted.stl
cortexode,75,4.123343780574764,2.13684876473423,/data/users2/llu13/output/cortexode/pred/lh_pial/adni_lh_245333.pial_converted.stl
cortexode,76,4.262868193989884,2.881258400281416,/data/users2/llu13/output/cortexode/pred/lh_pial/adni_lh_246133.pial_converted.stl
cortexode,77,3.715711645101664,1.4916214302572575,/data/users2/llu13/output/cortexode/pred/lh_pial/adni_lh_248339.pial_converted.stl
cortexode,78,3.8893384584260575,1.8867267424143483,/data/users2/llu13/output/cortexode/pred/lh_pial/adni_lh_249947.pial_converted.stl
cortexode,79,3.647339745745611,1.845936531886547,/data/users2/llu13/output/cortexode/pred/lh_pial/adni_lh_250427.pial_converted.stl
cortexode,80,3.829837668176096,1.670647072435896,/data/users2/llu13/output/cortexode/pred/lh_pial/adni_lh_250932.pial_converted.stl
cortexode,81,2.9863575482249622,1.1888249687679955,/data/users2/llu13/output/cortexode/pred/lh_pial/adni_lh_251833.pial_converted.stl
cortexode,82,3.4353811032743877,1.6480766982345376,/data/users2/llu13/output/cortexode/pred/lh_pial/adni_lh_255639.pial_converted.stl
cortexode,83,3.321859714422174,1.4988872590013207,/data/users2/llu13/output/cortexode/pred/lh_pial/adni_lh_256540.pial_converted.stl
cortexode,84,3.414528704103994,1.3599751527073196,/data/users2/llu13/output/cortexode/pred/lh_pial/adni_lh_257542.pial_converted.stl
cortexode,85,3.342870661994115,1.455949427862687,/data/users2/llu13/output/cortexode/pred/lh_pial/adni_lh_257845.pial_converted.stl
cortexode,86,3.8099478905997,1.7311345362733814,/data/users2/llu13/output/cortexode/pred/lh_pial/adni_lh_263436.pial_converted.stl
cortexode,87,3.099616908676821,1.296111665004985,/data/users2/llu13/output/cortexode/pred/lh_pial/adni_lh_268749.pial_converted.stl
cortexode,88,2.9897550653818636,1.2448466480990799,/data/users2/llu13/output/cortexode/pred/lh_pial/adni_lh_268850.pial_converted.stl
cortexode,89,2.824464572717192,1.2555681607508236,/data/users2/llu13/output/cortexode/pred/lh_pial/adni_lh_270332.pial_converted.stl
cortexode,90,3.511515844495263,1.8015271282724978,/data/users2/llu13/output/cortexode/pred/lh_pial/adni_lh_275645.pial_converted.stl
cortexode,91,3.7035773384056365,1.8773993577685129,/data/users2/llu13/output/cortexode/pred/lh_pial/adni_lh_280739.pial_converted.stl
cortexode,92,3.17272548038279,1.6610140012174972,/data/users2/llu13/output/cortexode/pred/lh_pial/adni_lh_280941.pial_converted.stl
cortexode,93,3.314741858852345,1.587903065735578,/data/users2/llu13/output/cortexode/pred/lh_pial/adni_lh_283543.pial_converted.stl
cortexode,94,3.323354712331364,1.6463584782810903,/data/users2/llu13/output/cortexode/pred/lh_pial/adni_lh_284646.pial_converted.stl
cortexode,95,3.633183573998243,1.889857118295916,/data/users2/llu13/output/cortexode/pred/lh_pial/adni_lh_285345.pial_converted.stl
cortexode,96,3.50304643680779,1.3443503587496084,/data/users2/llu13/output/cortexode/pred/lh_pial/adni_lh_285446.pial_converted.stl
cortexode,97,3.841084608589097,1.9502723274531313,/data/users2/llu13/output/cortexode/pred/lh_pial/adni_lh_286650.pial_converted.stl
cortexode,98,3.3284693569487773,1.5169071527576956,/data/users2/llu13/output/cortexode/pred/lh_pial/adni_lh_287248.pial_converted.stl
cortexode,99,4.039429928741092,2.217541260618967,/data/users2/llu13/output/cortexode/pred/lh_pial/adni_lh_289555.pial_converted.stl
cortexode,100,3.4432027365888302,1.7569250315193594,/data/users2/llu13/output/cortexode/pred/lh_pial/adni_lh_290136.pial_converted.stl
cortexode,101,4.794935290289929,2.5380647628697517,/data/users2/llu13/output/cortexode/pred/lh_pial/adni_lh_293748.pial_converted.stl
cortexode,102,4.275255738626035,1.841845170467666,/data/users2/llu13/output/cortexode/pred/lh_pial/adni_lh_295146.pial_converted.stl
cortexode,103,3.7315478103086543,1.3835921570269782,/data/users2/llu13/output/cortexode/pred/lh_pial/adni_lh_297655.pial_converted.stl
cortexode,104,3.516748435120961,1.5534151585291376,/data/users2/llu13/output/cortexode/pred/lh_pial/adni_lh_298051.pial_converted.stl
cortexode,105,3.4853798506103115,1.7265429228610578,/data/users2/llu13/output/cortexode/pred/lh_pial/adni_lh_298455.pial_converted.stl
cortexode,106,3.3700151786946324,1.7459954833321474,/data/users2/llu13/output/cortexode/pred/lh_pial/adni_lh_299154.pial_converted.stl
corticalflow,0,1.0435089270675424,0.3465902430296337,/data/users2/llu13/output/corticalflow/cfpp/lh_pial/200008_lh_pial_Df2.pial_converted.stl
corticalflow,1,1.239841249789456,0.4978495964459673,/data/users2/llu13/output/corticalflow/cfpp/lh_pial/200109_lh_pial_Df2.pial_converted.stl
corticalflow,2,1.469729029813037,0.7733086325139621,/data/users2/llu13/output/corticalflow/cfpp/lh_pial/200210_lh_pial_Df2.pial_converted.stl
corticalflow,3,1.5185489304362472,0.704046203032074,/data/users2/llu13/output/corticalflow/cfpp/lh_pial/200311_lh_pial_Df2.pial_converted.stl
corticalflow,4,2.1903160266127673,1.4932029482459208,/data/users2/llu13/output/corticalflow/cfpp/lh_pial/200614_lh_pial_Df2.pial_converted.stl
corticalflow,5,1.6626400117904665,0.8543614880129249,/data/users2/llu13/output/corticalflow/cfpp/lh_pial/200917_lh_pial_Df2.pial_converted.stl
corticalflow,6,1.186415698164056,0.3452575190846055,/data/users2/llu13/output/corticalflow/cfpp/lh_pial/201111_lh_pial_Df2.pial_converted.stl
corticalflow,7,2.0145117483577564,1.3499646088270838,/data/users2/llu13/output/corticalflow/cfpp/lh_pial/201414_lh_pial_Df2.pial_converted.stl
corticalflow,8,1.1877315984503958,0.5783514721502508,/data/users2/llu13/output/corticalflow/cfpp/lh_pial/201515_lh_pial_Df2.pial_converted.stl
corticalflow,9,1.0448248273538825,0.3367590304654357,/data/users2/llu13/output/corticalflow/cfpp/lh_pial/201717_lh_pial_Df2.pial_converted.stl
corticalflow,10,1.4507800656897423,0.687965395399563,/data/users2/llu13/output/corticalflow/cfpp/lh_pial/201818_lh_pial_Df2.pial_converted.stl
corticalflow,11,1.4140664477008589,0.7509135013971198,/data/users2/llu13/output/corticalflow/cfpp/lh_pial/202113_lh_pial_Df2.pial_converted.stl
corticalflow,12,1.3086628347650329,0.34721705456353047,/data/users2/llu13/output/corticalflow/cfpp/lh_pial/202719_lh_pial_Df2.pial_converted.stl
corticalflow,13,1.6702722334512379,1.0050870213211474,/data/users2/llu13/output/corticalflow/cfpp/lh_pial/203418_lh_pial_Df2.pial_converted.stl
corticalflow,14,1.6200048425130538,0.9210983932173523,/data/users2/llu13/output/corticalflow/cfpp/lh_pial/203721_lh_pial_Df2.pial_converted.stl
corticalflow,15,1.4631495283813374,0.7511667197786819,/data/users2/llu13/output/corticalflow/cfpp/lh_pial/203923_lh_pial_Df2.pial_converted.stl
corticalflow,16,1.443279434057605,0.7633418734560005,/data/users2/llu13/output/corticalflow/cfpp/lh_pial/204016_lh_pial_Df2.pial_converted.stl
corticalflow,17,1.385774591544551,0.6058347949097761,/data/users2/llu13/output/corticalflow/cfpp/lh_pial/204319_lh_pial_Df2.pial_converted.stl
corticalflow,18,1.965428667677278,1.2038526919042307,/data/users2/llu13/output/corticalflow/cfpp/lh_pial/204420_lh_pial_Df2.pial_converted.stl
corticalflow,19,1.2580006737409466,0.4716620291203395,/data/users2/llu13/output/corticalflow/cfpp/lh_pial/204521_lh_pial_Df2.pial_converted.stl
corticalflow,20,1.4490693953175005,0.6431900249992284,/data/users2/llu13/output/corticalflow/cfpp/lh_pial/204622_lh_pial_Df2.pial_converted.stl
corticalflow,21,1.4052499157823817,0.5118377644090821,/data/users2/llu13/output/corticalflow/cfpp/lh_pial/205119_lh_pial_Df2.pial_converted.stl
corticalflow,22,1.144833249115715,0.3385180415588778,/data/users2/llu13/output/corticalflow/cfpp/lh_pial/205220_lh_pial_Df2.pial_converted.stl
corticalflow,23,1.320900707427994,0.4727014890096904,/data/users2/llu13/output/corticalflow/cfpp/lh_pial/205725_lh_pial_Df2.pial_converted.stl
corticalflow,24,1.6123726208522822,0.729566411108472,/data/users2/llu13/output/corticalflow/cfpp/lh_pial/205826_lh_pial_Df2.pial_converted.stl
corticalflow,25,1.1636506232103756,0.3929209982548741,/data/users2/llu13/output/corticalflow/cfpp/lh_pial/206222_lh_pial_Df2.pial_converted.stl
corticalflow,26,1.158913382179552,0.42650094641861724,/data/users2/llu13/output/corticalflow/cfpp/lh_pial/207123_lh_pial_Df2.pial_converted.stl
corticalflow,27,0.9799509432373253,0.27721732107261543,/data/users2/llu13/output/corticalflow/cfpp/lh_pial/207426_lh_pial_Df2.pial_converted.stl
corticalflow,28,1.308399654707765,0.5740495183783441,/data/users2/llu13/output/corticalflow/cfpp/lh_pial/207628_lh_pial_Df2.pial_converted.stl
corticalflow,29,1.169440584470271,0.4957892964074708,/data/users2/llu13/output/corticalflow/cfpp/lh_pial/208024_lh_pial_Df2.pial_converted.stl
corticalflow,30,1.9201616978271854,1.1172898986498254,/data/users2/llu13/output/corticalflow/cfpp/lh_pial/208125_lh_pial_Df2.pial_converted.stl
corticalflow,31,1.3407708017517264,0.4265368053939491,/data/users2/llu13/output/corticalflow/cfpp/lh_pial/208226_lh_pial_Df2.pial_converted.stl
corticalflow,32,1.3680099376789625,0.518145205132262,/data/users2/llu13/output/corticalflow/cfpp/lh_pial/208327_lh_pial_Df2.pial_converted.stl
corticalflow,33,1.037850555836281,0.2856409764964465,/data/users2/llu13/output/corticalflow/cfpp/lh_pial/208428_lh_pial_Df2.pial_converted.stl
corticalflow,34,1.291556131042614,0.5806361910749477,/data/users2/llu13/output/corticalflow/cfpp/lh_pial/209127_lh_pial_Df2.pial_converted.stl
corticalflow,35,1.4194616388748527,0.5971961827019684,/data/users2/llu13/output/corticalflow/cfpp/lh_pial/209228_lh_pial_Df2.pial_converted.stl
corticalflow,36,1.9981945848071416,1.2178482543479137,/data/users2/llu13/output/corticalflow/cfpp/lh_pial/209329_lh_pial_Df2.pial_converted.stl
corticalflow,37,2.314273833585986,1.4411892532444388,/data/users2/llu13/output/corticalflow/cfpp/lh_pial/209834_lh_pial_Df2.pial_converted.stl
corticalflow,38,1.3418235219807984,0.5045339260132824,/data/users2/llu13/output/corticalflow/cfpp/lh_pial/209935_lh_pial_Df2.pial_converted.stl
corticalflow,39,1.130226755937342,0.4180499016088086,/data/users2/llu13/output/corticalflow/cfpp/lh_pial/210011_lh_pial_Df2.pial_converted.stl
corticalflow,40,1.6560605103587673,0.9042799235554041,/data/users2/llu13/output/corticalflow/cfpp/lh_pial/210415_lh_pial_Df2.pial_converted.stl
corticalflow,41,1.465649738925383,0.5715843732508235,/data/users2/llu13/output/corticalflow/cfpp/lh_pial/210617_lh_pial_Df2.pial_converted.stl
corticalflow,42,1.6731672140811857,0.8912948924827759,/data/users2/llu13/output/corticalflow/cfpp/lh_pial/211114_lh_pial_Df2.pial_converted.stl
corticalflow,43,1.590265496041772,0.8497685233643701,/data/users2/llu13/output/corticalflow/cfpp/lh_pial/211215_lh_pial_Df2.pial_converted.stl
corticalflow,44,1.2426046403907698,0.4620596134860839,/data/users2/llu13/output/corticalflow/cfpp/lh_pial/211316_lh_pial_Df2.pial_converted.stl
corticalflow,45,1.2122073437763181,0.4601095880876856,/data/users2/llu13/output/corticalflow/cfpp/lh_pial/211417_lh_pial_Df2.pial_converted.stl
corticalflow,46,1.3040571837628432,0.4689417446459947,/data/users2/llu13/output/corticalflow/cfpp/lh_pial/211720_lh_pial_Df2.pial_converted.stl
corticalflow,47,1.1824679973050363,0.5354214208308432,/data/users2/llu13/output/corticalflow/cfpp/lh_pial/211922_lh_pial_Df2.pial_converted.stl
corticalflow,48,1.093644727977093,0.34615754943626104,/data/users2/llu13/output/corticalflow/cfpp/lh_pial/212015_lh_pial_Df2.pial_converted.stl
corticalflow,49,1.171019664813879,0.3367867412704086,/data/users2/llu13/output/corticalflow/cfpp/lh_pial/212116_lh_pial_Df2.pial_converted.stl
corticalflow,50,1.430120431194206,0.4707907878520992,/data/users2/llu13/output/corticalflow/cfpp/lh_pial/212217_lh_pial_Df2.pial_converted.stl
corticalflow,51,1.2312878979282464,0.4645204729522608,/data/users2/llu13/output/corticalflow/cfpp/lh_pial/212318_lh_pial_Df2.pial_converted.stl
corticalflow,52,1.2043119420582786,0.39943240165623545,/data/users2/llu13/output/corticalflow/cfpp/lh_pial/212419_lh_pial_Df2.pial_converted.stl
corticalflow,53,1.0140327606535287,0.36105813327121583,/data/users2/llu13/output/corticalflow/cfpp/lh_pial/212823_lh_pial_Df2.pial_converted.stl
corticalflow,54,1.7363304278255012,0.9945631767410198,/data/users2/llu13/output/corticalflow/cfpp/lh_pial/213421_lh_pial_Df2.pial_converted.stl
corticalflow,55,1.6361904160350345,0.8650686401659095,/data/users2/llu13/output/corticalflow/cfpp/lh_pial/214019_lh_pial_Df2.pial_converted.stl
corticalflow,56,1.6365851861209364,0.7281081908743469,/data/users2/llu13/output/corticalflow/cfpp/lh_pial/214221_lh_pial_Df2.pial_converted.stl
corticalflow,57,1.0819332154286676,0.39414270078634345,/data/users2/llu13/output/corticalflow/cfpp/lh_pial/214423_lh_pial_Df2.pial_converted.stl
corticalflow,58,1.0342976250631633,0.3109280368926657,/data/users2/llu13/output/corticalflow/cfpp/lh_pial/214524_lh_pial_Df2.pial_converted.stl
corticalflow,59,1.710538782213239,1.1061117504057456,/data/users2/llu13/output/corticalflow/cfpp/lh_pial/214625_lh_pial_Df2.pial_converted.stl
corticalflow,60,1.3759053393970018,0.46810011441251975,/data/users2/llu13/output/corticalflow/cfpp/lh_pial/214726_lh_pial_Df2.pial_converted.stl
corticalflow,61,1.1731251052720229,0.5529311360330796,/data/users2/llu13/output/corticalflow/cfpp/lh_pial/217126_lh_pial_Df2.pial_converted.stl
corticalflow,62,2.2990093902644433,1.670102053037323,/data/users2/llu13/output/corticalflow/cfpp/lh_pial/217429_lh_pial_Df2.pial_converted.stl
corticalflow,63,1.3784055499410477,0.312317121528329,/data/users2/llu13/output/corticalflow/cfpp/lh_pial/220721_lh_pial_Df2.pial_converted.stl
corticalflow,64,2.61153570827017,1.9638515672529784,/data/users2/llu13/output/corticalflow/cfpp/lh_pial/221218_lh_pial_Df2.pial_converted.stl
corticalflow,65,1.2664224355735219,0.38440118353873104,/data/users2/llu13/output/corticalflow/cfpp/lh_pial/221319_lh_pial_Df2.pial_converted.stl
corticalflow,66,1.1477282297456628,0.4354676184612346,/data/users2/llu13/output/corticalflow/cfpp/lh_pial/223929_lh_pial_Df2.pial_converted.stl
corticalflow,67,1.0253495031160518,0.2576703008693135,/data/users2/llu13/output/corticalflow/cfpp/lh_pial/224022_lh_pial_Df2.pial_converted.stl
corticalflow,68,1.3780107798551458,0.41972081334709077,/data/users2/llu13/output/corticalflow/cfpp/lh_pial/227432_lh_pial_Df2.pial_converted.stl
corticalflow,69,1.4172246083880746,0.4803102739857535,/data/users2/llu13/output/corticalflow/cfpp/lh_pial/228434_lh_pial_Df2.pial_converted.stl
corticalflow,70,1.9860883021728146,1.303611022514612,/data/users2/llu13/output/corticalflow/cfpp/lh_pial/231928_lh_pial_Df2.pial_converted.stl
corticalflow,71,1.1677299140980293,0.40930416768218375,/data/users2/llu13/output/corticalflow/cfpp/lh_pial/233326_lh_pial_Df2.pial_converted.stl
corticalflow,72,1.1345692268822638,0.3689166994523234,/data/users2/llu13/output/corticalflow/cfpp/lh_pial/236130_lh_pial_Df2.pial_converted.stl
corticalflow,73,1.6200048425130538,0.8387095800110822,/data/users2/llu13/output/corticalflow/cfpp/lh_pial/237334_lh_pial_Df2.pial_converted.stl
corticalflow,74,1.156149991578238,0.2590572317929043,/data/users2/llu13/output/corticalflow/cfpp/lh_pial/239944_lh_pial_Df2.pial_converted.stl
corticalflow,75,1.3924856830048846,0.458491952438607,/data/users2/llu13/output/corticalflow/cfpp/lh_pial/245333_lh_pial_Df2.pial_converted.stl
corticalflow,76,1.9209512379989895,1.237008472046269,/data/users2/llu13/output/corticalflow/cfpp/lh_pial/246133_lh_pial_Df2.pial_converted.stl
corticalflow,77,1.183520717534108,0.31027745816505403,/data/users2/llu13/output/corticalflow/cfpp/lh_pial/248339_lh_pial_Df2.pial_converted.stl
corticalflow,78,1.388669572174499,0.49361484309040654,/data/users2/llu13/output/corticalflow/cfpp/lh_pial/249947_lh_pial_Df2.pial_converted.stl
corticalflow,79,1.1731251052720229,0.2941285720891695,/data/users2/llu13/output/corticalflow/cfpp/lh_pial/250427_lh_pial_Df2.pial_converted.stl
corticalflow,80,1.3628779265622368,0.5325857373661755,/data/users2/llu13/output/corticalflow/cfpp/lh_pial/250932_lh_pial_Df2.pial_converted.stl
corticalflow,81,0.9857409044972207,0.3092839062244948,/data/users2/llu13/output/corticalflow/cfpp/lh_pial/251833_lh_pial_Df2.pial_converted.stl
corticalflow,82,1.5910550362135758,0.7980079754714314,/data/users2/llu13/output/corticalflow/cfpp/lh_pial/255639_lh_pial_Df2.pial_converted.stl
corticalflow,83,1.2893191005558362,0.2566200708141461,/data/users2/llu13/output/corticalflow/cfpp/lh_pial/256540_lh_pial_Df2.pial_converted.stl
corticalflow,84,1.215497094492168,0.43066830745780516,/data/users2/llu13/output/corticalflow/cfpp/lh_pial/257542_lh_pial_Df2.pial_converted.stl
corticalflow,85,1.1969429004547751,0.3223019466792483,/data/users2/llu13/output/corticalflow/cfpp/lh_pial/257845_lh_pial_Df2.pial_converted.stl
corticalflow,86,1.4509116557183763,0.546127248102779,/data/users2/llu13/output/corticalflow/cfpp/lh_pial/263436_lh_pial_Df2.pial_converted.stl
corticalflow,87,1.26668561563079,0.4953282763115222,/data/users2/llu13/output/corticalflow/cfpp/lh_pial/268749_lh_pial_Df2.pial_converted.stl
corticalflow,88,1.588423235640896,0.786636492607045,/data/users2/llu13/output/corticalflow/cfpp/lh_pial/268850_lh_pial_Df2.pial_converted.stl
corticalflow,89,1.4761769412161023,0.6931057636076156,/data/users2/llu13/output/corticalflow/cfpp/lh_pial/270332_lh_pial_Df2.pial_converted.stl
corticalflow,90,1.1903633990230758,0.422107697675783,/data/users2/llu13/output/corticalflow/cfpp/lh_pial/275645_lh_pial_Df2.pial_converted.stl
corticalflow,91,1.2590533939700186,0.4287939406896131,/data/users2/llu13/output/corticalflow/cfpp/lh_pial/280739_lh_pial_Df2.pial_converted.stl
corticalflow,92,1.0787750547414519,0.33321352564893486,/data/users2/llu13/output/corticalflow/cfpp/lh_pial/280941_lh_pial_Df2.pial_converted.stl
corticalflow,93,1.2630010948290382,0.4080429143816315,/data/users2/llu13/output/corticalflow/cfpp/lh_pial/283543_lh_pial_Df2.pial_converted.stl
corticalflow,94,1.1639138032676437,0.3878356421104785,/data/users2/llu13/output/corticalflow/cfpp/lh_pial/284646_lh_pial_Df2.pial_converted.stl
corticalflow,95,1.2465523412497894,0.3585717667420806,/data/users2/llu13/output/corticalflow/cfpp/lh_pial/285345_lh_pial_Df2.pial_converted.stl
corticalflow,96,1.266948795688058,0.47066079922189147,/data/users2/llu13/output/corticalflow/cfpp/lh_pial/285446_lh_pial_Df2.pial_converted.stl
corticalflow,97,1.481308952332828,0.5452325269799508,/data/users2/llu13/output/corticalflow/cfpp/lh_pial/286650_lh_pial_Df2.pial_converted.stl
corticalflow,98,1.3423498820953343,0.6138101893417005,/data/users2/llu13/output/corticalflow/cfpp/lh_pial/287248_lh_pial_Df2.pial_converted.stl
corticalflow,99,1.4188036887316826,0.680216863302428,/data/users2/llu13/output/corticalflow/cfpp/lh_pial/289555_lh_pial_Df2.pial_converted.stl
corticalflow,100,1.1807573269327944,0.5144900835819405,/data/users2/llu13/output/corticalflow/cfpp/lh_pial/290136_lh_pial_Df2.pial_converted.stl
corticalflow,101,1.4244620599629443,0.6065920230226179,/data/users2/llu13/output/corticalflow/cfpp/lh_pial/293748_lh_pial_Df2.pial_converted.stl
corticalflow,102,1.7406728987704227,0.9337587020353816,/data/users2/llu13/output/corticalflow/cfpp/lh_pial/295146_lh_pial_Df2.pial_converted.stl
corticalflow,103,1.5609209196563922,0.41947901874508425,/data/users2/llu13/output/corticalflow/cfpp/lh_pial/297655_lh_pial_Df2.pial_converted.stl
corticalflow,104,1.2427362304194036,0.33025352129943647,/data/users2/llu13/output/corticalflow/cfpp/lh_pial/298051_lh_pial_Df2.pial_converted.stl
corticalflow,105,1.2869504800404246,0.4188699219469049,/data/users2/llu13/output/corticalflow/cfpp/lh_pial/298455_lh_pial_Df2.pial_converted.stl
corticalflow,106,1.9118715260232442,1.1868750764592217,/data/users2/llu13/output/corticalflow/cfpp/lh_pial/299154_lh_pial_Df2.pial_converted.stl
deepcsr,0,0.5110370950888192,0.05579749388689221,/data/users2/washbee/speedrun/outputdirs/deepcsr-output_dir-timing/checkpoints/test-set/lh_pial/200008_lh_pial.stl
deepcsr,2,0.4273802002128493,0.0835892496956261,/data/users2/washbee/speedrun/outputdirs/deepcsr-output_dir-timing/checkpoints/test-set/lh_pial/200210_lh_pial.stl
deepcsr,4,0.47477230307913554,0.055194441331390794,/data/users2/washbee/speedrun/outputdirs/deepcsr-output_dir-timing/checkpoints/test-set/lh_pial/200614_lh_pial.stl
deepcsr,5,0.7481738400717113,0.16136004310829774,/data/users2/washbee/speedrun/outputdirs/deepcsr-output_dir-timing/checkpoints/test-set/lh_pial/200917_lh_pial.stl
deepcsr,10,0.6633406802093196,0.17017824753276994,/data/users2/washbee/speedrun/outputdirs/deepcsr-output_dir-timing/checkpoints/test-set/lh_pial/201818_lh_pial.stl
deepcsr,11,0.46498304775027716,0.06791621682319866,/data/users2/washbee/speedrun/outputdirs/deepcsr-output_dir-timing/checkpoints/test-set/lh_pial/202113_lh_pial.stl
deepcsr,12,0.5786566147240045,0.13914485322462256,/data/users2/washbee/speedrun/outputdirs/deepcsr-output_dir-timing/checkpoints/test-set/lh_pial/202719_lh_pial.stl
deepcsr,13,0.6238184307255651,0.2180578099126129,/data/users2/washbee/speedrun/outputdirs/deepcsr-output_dir-timing/checkpoints/test-set/lh_pial/203418_lh_pial.stl
deepcsr,14,0.6852413044461532,0.18232589976742558,/data/users2/washbee/speedrun/outputdirs/deepcsr-output_dir-timing/checkpoints/test-set/lh_pial/203721_lh_pial.stl
deepcsr,15,0.5669652843614517,0.03464110793325037,/data/users2/washbee/speedrun/outputdirs/deepcsr-output_dir-timing/checkpoints/test-set/lh_pial/203923_lh_pial.stl
deepcsr,17,0.4571066451172365,0.05661385364920142,/data/users2/washbee/speedrun/outputdirs/deepcsr-output_dir-timing/checkpoints/test-set/lh_pial/204319_lh_pial.stl
deepcsr,18,0.6635761373455867,0.11496460879039341,/data/users2/washbee/speedrun/outputdirs/deepcsr-output_dir-timing/checkpoints/test-set/lh_pial/204420_lh_pial.stl
deepcsr,19,0.7099517651249979,0.055943969007041176,/data/users2/washbee/speedrun/outputdirs/deepcsr-output_dir-timing/checkpoints/test-set/lh_pial/204521_lh_pial.stl
deepcsr,21,0.6309553061948836,0.11976472884378245,/data/users2/washbee/speedrun/outputdirs/deepcsr-output_dir-timing/checkpoints/test-set/lh_pial/205119_lh_pial.stl
deepcsr,22,0.9110368591416937,0.49178662724097266,/data/users2/washbee/speedrun/outputdirs/deepcsr-output_dir-timing/checkpoints/test-set/lh_pial/205220_lh_pial.stl
deepcsr,23,0.6347239116741767,0.13047566053303145,/data/users2/washbee/speedrun/outputdirs/deepcsr-output_dir-timing/checkpoints/test-set/lh_pial/205725_lh_pial.stl
deepcsr,25,0.4873232662050808,0.047217959489768285,/data/users2/washbee/speedrun/outputdirs/deepcsr-output_dir-timing/checkpoints/test-set/lh_pial/206222_lh_pial.stl
deepcsr,26,0.6034125560426855,0.14040780246966814,/data/users2/washbee/speedrun/outputdirs/deepcsr-output_dir-timing/checkpoints/test-set/lh_pial/207123_lh_pial.stl
deepcsr,27,0.47905792701608185,0.05027016404830201,/data/users2/washbee/speedrun/outputdirs/deepcsr-output_dir-timing/checkpoints/test-set/lh_pial/207426_lh_pial.stl
deepcsr,29,0.49545134939229163,0.04388664873892157,/data/users2/washbee/speedrun/outputdirs/deepcsr-output_dir-timing/checkpoints/test-set/lh_pial/208024_lh_pial.stl
deepcsr,30,0.5968490358209104,0.05982910631632193,/data/users2/washbee/speedrun/outputdirs/deepcsr-output_dir-timing/checkpoints/test-set/lh_pial/208125_lh_pial.stl
deepcsr,31,0.6147042791299964,0.042185134070502256,/data/users2/washbee/speedrun/outputdirs/deepcsr-output_dir-timing/checkpoints/test-set/lh_pial/208226_lh_pial.stl
deepcsr,32,0.43112027939127445,0.13707935750442526,/data/users2/washbee/speedrun/outputdirs/deepcsr-output_dir-timing/checkpoints/test-set/lh_pial/208327_lh_pial.stl
deepcsr,37,0.8141311517926109,0.34463907603464866,/data/users2/washbee/speedrun/outputdirs/deepcsr-output_dir-timing/checkpoints/test-set/lh_pial/209834_lh_pial.stl
deepcsr,39,0.5730506990687927,0.13646579630656885,/data/users2/washbee/speedrun/outputdirs/deepcsr-output_dir-timing/checkpoints/test-set/lh_pial/210011_lh_pial.stl
deepcsr,40,0.6796902771949612,0.10609105468789848,/data/users2/washbee/speedrun/outputdirs/deepcsr-output_dir-timing/checkpoints/test-set/lh_pial/210415_lh_pial.stl
deepcsr,41,0.4911872491419929,0.1009393384706937,/data/users2/washbee/speedrun/outputdirs/deepcsr-output_dir-timing/checkpoints/test-set/lh_pial/210617_lh_pial.stl
deepcsr,42,0.4827057974288753,0.0625187820616399,/data/users2/washbee/speedrun/outputdirs/deepcsr-output_dir-timing/checkpoints/test-set/lh_pial/211114_lh_pial.stl
deepcsr,43,0.3963287442636629,0.12606540399487842,/data/users2/washbee/speedrun/outputdirs/deepcsr-output_dir-timing/checkpoints/test-set/lh_pial/211215_lh_pial.stl
deepcsr,44,0.6619850364361968,0.13748667369635253,/data/users2/washbee/speedrun/outputdirs/deepcsr-output_dir-timing/checkpoints/test-set/lh_pial/211316_lh_pial.stl
deepcsr,45,0.5507602342106646,0.16066747090260883,/data/users2/washbee/speedrun/outputdirs/deepcsr-output_dir-timing/checkpoints/test-set/lh_pial/211417_lh_pial.stl
deepcsr,46,0.5841762029052154,0.15189107160955942,/data/users2/washbee/speedrun/outputdirs/deepcsr-output_dir-timing/checkpoints/test-set/lh_pial/211720_lh_pial.stl
deepcsr,47,0.8647077800837781,0.24835964696855545,/data/users2/washbee/speedrun/outputdirs/deepcsr-output_dir-timing/checkpoints/test-set/lh_pial/211922_lh_pial.stl
deepcsr,48,0.546617489639969,0.09137632302260032,/data/users2/washbee/speedrun/outputdirs/deepcsr-output_dir-timing/checkpoints/test-set/lh_pial/212015_lh_pial.stl
deepcsr,49,0.5045218452502022,0.08958420711868685,/data/users2/washbee/speedrun/outputdirs/deepcsr-output_dir-timing/checkpoints/test-set/lh_pial/212116_lh_pial.stl
deepcsr,50,0.5567226890756303,0.0976024611801907,/data/users2/washbee/speedrun/outputdirs/deepcsr-output_dir-timing/checkpoints/test-set/lh_pial/212217_lh_pial.stl
deepcsr,52,0.4809268199304046,0.03325368693087103,/data/users2/washbee/speedrun/outputdirs/deepcsr-output_dir-timing/checkpoints/test-set/lh_pial/212419_lh_pial.stl
deepcsr,53,0.690633543793395,0.30049647243271493,/data/users2/washbee/speedrun/outputdirs/deepcsr-output_dir-timing/checkpoints/test-set/lh_pial/212823_lh_pial.stl
deepcsr,54,0.4494976203067161,0.08155363915477695,/data/users2/washbee/speedrun/outputdirs/deepcsr-output_dir-timing/checkpoints/test-set/lh_pial/213421_lh_pial.stl
deepcsr,55,0.5592691047048803,0.10913892718933937,/data/users2/washbee/speedrun/outputdirs/deepcsr-output_dir-timing/checkpoints/test-set/lh_pial/214019_lh_pial.stl
deepcsr,56,0.466045450071689,0.06559480327338296,/data/users2/washbee/speedrun/outputdirs/deepcsr-output_dir-timing/checkpoints/test-set/lh_pial/214221_lh_pial.stl
deepcsr,57,0.41504187544647086,0.07636995628381546,/data/users2/washbee/speedrun/outputdirs/deepcsr-output_dir-timing/checkpoints/test-set/lh_pial/214423_lh_pial.stl
deepcsr,58,0.509842014404421,0.08352559086246254,/data/users2/washbee/speedrun/outputdirs/deepcsr-output_dir-timing/checkpoints/test-set/lh_pial/214524_lh_pial.stl
deepcsr,59,0.5533427263464267,0.14038835490493382,/data/users2/washbee/speedrun/outputdirs/deepcsr-output_dir-timing/checkpoints/test-set/lh_pial/214625_lh_pial.stl
deepcsr,61,0.45263118564817534,0.0876944631980893,/data/users2/washbee/speedrun/outputdirs/deepcsr-output_dir-timing/checkpoints/test-set/lh_pial/217126_lh_pial.stl
deepcsr,62,0.6327044699324686,0.07893313151678734,/data/users2/washbee/speedrun/outputdirs/deepcsr-output_dir-timing/checkpoints/test-set/lh_pial/217429_lh_pial.stl
deepcsr,63,0.6433012288920573,0.21162197102794444,/data/users2/washbee/speedrun/outputdirs/deepcsr-output_dir-timing/checkpoints/test-set/lh_pial/220721_lh_pial.stl
deepcsr,64,0.4523864625692906,0.04282325906111512,/data/users2/washbee/speedrun/outputdirs/deepcsr-output_dir-timing/checkpoints/test-set/lh_pial/221218_lh_pial.stl
deepcsr,65,0.5796500002694793,0.017089458897641508,/data/users2/washbee/speedrun/outputdirs/deepcsr-output_dir-timing/checkpoints/test-set/lh_pial/221319_lh_pial.stl
deepcsr,68,0.7357849345560037,0.18663277371191542,/data/users2/washbee/speedrun/outputdirs/deepcsr-output_dir-timing/checkpoints/test-set/lh_pial/227432_lh_pial.stl
deepcsr,69,0.793221059449831,0.3005474256681813,/data/users2/washbee/speedrun/outputdirs/deepcsr-output_dir-timing/checkpoints/test-set/lh_pial/228434_lh_pial.stl
deepcsr,70,0.5042007830067244,0.11427633776569249,/data/users2/washbee/speedrun/outputdirs/deepcsr-output_dir-timing/checkpoints/test-set/lh_pial/231928_lh_pial.stl
deepcsr,71,0.6387416788925816,0.25949580563383345,/data/users2/washbee/speedrun/outputdirs/deepcsr-output_dir-timing/checkpoints/test-set/lh_pial/233326_lh_pial.stl
deepcsr,72,0.6359949302915082,0.1351321353652175,/data/users2/washbee/speedrun/outputdirs/deepcsr-output_dir-timing/checkpoints/test-set/lh_pial/236130_lh_pial.stl
deepcsr,74,0.8081888547191395,0.19138495833843058,/data/users2/washbee/speedrun/outputdirs/deepcsr-output_dir-timing/checkpoints/test-set/lh_pial/239944_lh_pial.stl
deepcsr,75,0.6693264467708929,0.061243036074123826,/data/users2/washbee/speedrun/outputdirs/deepcsr-output_dir-timing/checkpoints/test-set/lh_pial/245333_lh_pial.stl
deepcsr,76,0.5670210438353925,0.07411716544933532,/data/users2/washbee/speedrun/outputdirs/deepcsr-output_dir-timing/checkpoints/test-set/lh_pial/246133_lh_pial.stl
deepcsr,77,0.5991589537819901,0.12917597057268912,/data/users2/washbee/speedrun/outputdirs/deepcsr-output_dir-timing/checkpoints/test-set/lh_pial/248339_lh_pial.stl
deepcsr,83,0.5264286742087959,0.042606251201094056,/data/users2/washbee/speedrun/outputdirs/deepcsr-output_dir-timing/checkpoints/test-set/lh_pial/256540_lh_pial.stl
deepcsr,84,0.6089315208058168,0.058503921500480775,/data/users2/washbee/speedrun/outputdirs/deepcsr-output_dir-timing/checkpoints/test-set/lh_pial/257542_lh_pial.stl
deepcsr,85,0.6422622578671289,0.21205431717123072,/data/users2/washbee/speedrun/outputdirs/deepcsr-output_dir-timing/checkpoints/test-set/lh_pial/257845_lh_pial.stl
deepcsr,88,0.4206621580700514,0.05022079113006492,/data/users2/washbee/speedrun/outputdirs/deepcsr-output_dir-timing/checkpoints/test-set/lh_pial/268850_lh_pial.stl
deepcsr,90,0.5467224405972317,0.07152288732394367,/data/users2/washbee/speedrun/outputdirs/deepcsr-output_dir-timing/checkpoints/test-set/lh_pial/275645_lh_pial.stl
deepcsr,91,0.822600921187842,0.33558724197268175,/data/users2/washbee/speedrun/outputdirs/deepcsr-output_dir-timing/checkpoints/test-set/lh_pial/280739_lh_pial.stl
deepcsr,92,0.5335844318895167,0.030804817103274526,/data/users2/washbee/speedrun/outputdirs/deepcsr-output_dir-timing/checkpoints/test-set/lh_pial/280941_lh_pial.stl
deepcsr,94,0.5262242444154245,0.11779038393984918,/data/users2/washbee/speedrun/outputdirs/deepcsr-output_dir-timing/checkpoints/test-set/lh_pial/284646_lh_pial.stl
deepcsr,95,0.702149746735734,0.1514332688339781,/data/users2/washbee/speedrun/outputdirs/deepcsr-output_dir-timing/checkpoints/test-set/lh_pial/285345_lh_pial.stl
deepcsr,96,0.6334079781741347,0.13932354475900313,/data/users2/washbee/speedrun/outputdirs/deepcsr-output_dir-timing/checkpoints/test-set/lh_pial/285446_lh_pial.stl
deepcsr,97,0.7538939211208334,0.2050172033143053,/data/users2/washbee/speedrun/outputdirs/deepcsr-output_dir-timing/checkpoints/test-set/lh_pial/286650_lh_pial.stl
deepcsr,98,0.6145311601937762,0.11617325849112596,/data/users2/washbee/speedrun/outputdirs/deepcsr-output_dir-timing/checkpoints/test-set/lh_pial/287248_lh_pial.stl
deepcsr,100,0.7140713002864426,0.15719612763444604,/data/users2/washbee/speedrun/outputdirs/deepcsr-output_dir-timing/checkpoints/test-set/lh_pial/290136_lh_pial.stl
deepcsr,102,0.5742881040731915,0.05611663432604079,/data/users2/washbee/speedrun/outputdirs/deepcsr-output_dir-timing/checkpoints/test-set/lh_pial/295146_lh_pial.stl
deepcsr,103,0.7844628080827141,0.06885793972816213,/data/users2/washbee/speedrun/outputdirs/deepcsr-output_dir-timing/checkpoints/test-set/lh_pial/297655_lh_pial.stl
deepcsr,104,0.7862219511112045,0.3806253347565631,/data/users2/washbee/speedrun/outputdirs/deepcsr-output_dir-timing/checkpoints/test-set/lh_pial/298051_lh_pial.stl
deepcsr,105,0.5257868418472399,0.1534149500867795,/data/users2/washbee/speedrun/outputdirs/deepcsr-output_dir-timing/checkpoints/test-set/lh_pial/298455_lh_pial.stl
vox2cortex,0,1.7922597229494932,0.4897044841822846,/data/users2/washbee/speedrun/Vox2Cortex_fork/experiments/hcp/test_template_42016_DATASET_NAME/meshes/lh_pial/epoch81/200008_epoch81_struc2_meshpred.ply
vox2cortex,1,2.0005236349788165,0.502706125833219,/data/users2/washbee/speedrun/Vox2Cortex_fork/experiments/hcp/test_template_42016_DATASET_NAME/meshes/lh_pial/epoch81/200109_epoch81_struc2_meshpred.ply
vox2cortex,2,1.6565906602561051,0.4804472152094389,/data/users2/washbee/speedrun/Vox2Cortex_fork/experiments/hcp/test_template_42016_DATASET_NAME/meshes/lh_pial/epoch81/200210_epoch81_struc2_meshpred.ply
vox2cortex,3,1.8505736183177037,0.43580614408840634,/data/users2/washbee/speedrun/Vox2Cortex_fork/experiments/hcp/test_template_42016_DATASET_NAME/meshes/lh_pial/epoch81/200311_epoch81_struc2_meshpred.ply
vox2cortex,4,1.8719950492692914,0.46434364045414117,/data/users2/washbee/speedrun/Vox2Cortex_fork/experiments/hcp/test_template_42016_DATASET_NAME/meshes/lh_pial/epoch81/200614_epoch81_struc2_meshpred.ply
vox2cortex,5,2.177845480078069,0.7365983603913905,/data/users2/washbee/speedrun/Vox2Cortex_fork/experiments/hcp/test_template_42016_DATASET_NAME/meshes/lh_pial/epoch81/200917_epoch81_struc2_meshpred.ply
vox2cortex,6,2.012424429951921,0.4854086169737685,/data/users2/washbee/speedrun/Vox2Cortex_fork/experiments/hcp/test_template_42016_DATASET_NAME/meshes/lh_pial/epoch81/201111_epoch81_struc2_meshpred.ply
vox2cortex,7,1.851763697815014,0.3169304506517207,/data/users2/washbee/speedrun/Vox2Cortex_fork/experiments/hcp/test_template_42016_DATASET_NAME/meshes/lh_pial/epoch81/201414_epoch81_struc2_meshpred.ply
vox2cortex,8,1.7684581330032847,0.4758817427385892,/data/users2/washbee/speedrun/Vox2Cortex_fork/experiments/hcp/test_template_42016_DATASET_NAME/meshes/lh_pial/epoch81/201515_epoch81_struc2_meshpred.ply
vox2cortex,9,1.61374779835293,0.2864617396991498,/data/users2/washbee/speedrun/Vox2Cortex_fork/experiments/hcp/test_template_42016_DATASET_NAME/meshes/lh_pial/epoch81/201717_epoch81_struc2_meshpred.ply
vox2cortex,10,2.2171181034893133,0.6268145897825377,/data/users2/washbee/speedrun/Vox2Cortex_fork/experiments/hcp/test_template_42016_DATASET_NAME/meshes/lh_pial/epoch81/201818_epoch81_struc2_meshpred.ply
vox2cortex,11,1.6946732041700385,0.3992719159180318,/data/users2/washbee/speedrun/Vox2Cortex_fork/experiments/hcp/test_template_42016_DATASET_NAME/meshes/lh_pial/epoch81/202113_epoch81_struc2_meshpred.ply
vox2cortex,12,1.6780120912076928,0.46670855076737655,/data/users2/washbee/speedrun/Vox2Cortex_fork/experiments/hcp/test_template_42016_DATASET_NAME/meshes/lh_pial/epoch81/202719_epoch81_struc2_meshpred.ply
vox2cortex,13,1.6030370828771363,0.4526623178131728,/data/users2/washbee/speedrun/Vox2Cortex_fork/experiments/hcp/test_template_42016_DATASET_NAME/meshes/lh_pial/epoch81/203418_epoch81_struc2_meshpred.ply
vox2cortex,14,1.7898795639548721,0.42708889438664566,/data/users2/washbee/speedrun/Vox2Cortex_fork/experiments/hcp/test_template_42016_DATASET_NAME/meshes/lh_pial/epoch81/203721_epoch81_struc2_meshpred.ply
vox2cortex,15,2.165944685104965,0.5257493232445126,/data/users2/washbee/speedrun/Vox2Cortex_fork/experiments/hcp/test_template_42016_DATASET_NAME/meshes/lh_pial/epoch81/203923_epoch81_struc2_meshpred.ply
vox2cortex,16,1.420954919788642,0.39301167973452195,/data/users2/washbee/speedrun/Vox2Cortex_fork/experiments/hcp/test_template_42016_DATASET_NAME/meshes/lh_pial/epoch81/204016_epoch81_struc2_meshpred.ply
vox2cortex,17,1.9338791831294329,0.4584623976414512,/data/users2/washbee/speedrun/Vox2Cortex_fork/experiments/hcp/test_template_42016_DATASET_NAME/meshes/lh_pial/epoch81/204319_epoch81_struc2_meshpred.ply
vox2cortex,18,1.747036702051697,0.4152685103045731,/data/users2/washbee/speedrun/Vox2Cortex_fork/experiments/hcp/test_template_42016_DATASET_NAME/meshes/lh_pial/epoch81/204420_epoch81_struc2_meshpred.ply
vox2cortex,19,1.9505402960917788,0.3943130429124508,/data/users2/washbee/speedrun/Vox2Cortex_fork/experiments/hcp/test_template_42016_DATASET_NAME/meshes/lh_pial/epoch81/204521_epoch81_struc2_meshpred.ply
vox2cortex,20,1.293616413576427,0.2426853720418665,/data/users2/washbee/speedrun/Vox2Cortex_fork/experiments/hcp/test_template_42016_DATASET_NAME/meshes/lh_pial/epoch81/204622_epoch81_struc2_meshpred.ply
vox2cortex,21,9.874089589184559,8.69035053790228,/data/users2/washbee/speedrun/Vox2Cortex_fork/experiments/hcp/test_template_42016_DATASET_NAME/meshes/lh_pial/epoch81/205119_epoch81_struc2_meshpred.ply
vox2cortex,22,1.939829580615985,0.5302267977397631,/data/users2/washbee/speedrun/Vox2Cortex_fork/experiments/hcp/test_template_42016_DATASET_NAME/meshes/lh_pial/epoch81/205220_epoch81_struc2_meshpred.ply
vox2cortex,23,1.6458799447803114,0.533245095481416,/data/users2/washbee/speedrun/Vox2Cortex_fork/experiments/hcp/test_template_42016_DATASET_NAME/meshes/lh_pial/epoch81/205725_epoch81_struc2_meshpred.ply
vox2cortex,24,2.108820869234065,0.8394042937270325,/data/users2/washbee/speedrun/Vox2Cortex_fork/experiments/hcp/test_template_42016_DATASET_NAME/meshes/lh_pial/epoch81/205826_epoch81_struc2_meshpred.ply
vox2cortex,25,1.8220117103822535,0.478656111016916,/data/users2/washbee/speedrun/Vox2Cortex_fork/experiments/hcp/test_template_42016_DATASET_NAME/meshes/lh_pial/epoch81/206222_epoch81_struc2_meshpred.ply
vox2cortex,26,0.7818822297329461,0.21698597387073093,/data/users2/washbee/speedrun/Vox2Cortex_fork/experiments/hcp/test_template_42016_DATASET_NAME/meshes/lh_pial/epoch81/207123_epoch81_struc2_meshpred.ply
vox2cortex,27,1.673251773218451,0.35749674561386463,/data/users2/washbee/speedrun/Vox2Cortex_fork/experiments/hcp/test_template_42016_DATASET_NAME/meshes/lh_pial/epoch81/207426_epoch81_struc2_meshpred.ply
vox2cortex,28,2.201647070024278,0.9726985603286248,/data/users2/washbee/speedrun/Vox2Cortex_fork/experiments/hcp/test_template_42016_DATASET_NAME/meshes/lh_pial/epoch81/207628_epoch81_struc2_meshpred.ply
vox2cortex,29,1.4935497691245776,0.3133193073312834,/data/users2/washbee/speedrun/Vox2Cortex_fork/experiments/hcp/test_template_42016_DATASET_NAME/meshes/lh_pial/epoch81/208024_epoch81_struc2_meshpred.ply
vox2cortex,30,2.129052220688342,0.4555037871886306,/data/users2/washbee/speedrun/Vox2Cortex_fork/experiments/hcp/test_template_42016_DATASET_NAME/meshes/lh_pial/epoch81/208125_epoch81_struc2_meshpred.ply
vox2cortex,31,2.0790688818013043,0.4774170048912478,/data/users2/washbee/speedrun/Vox2Cortex_fork/experiments/hcp/test_template_42016_DATASET_NAME/meshes/lh_pial/epoch81/208226_epoch81_struc2_meshpred.ply
vox2cortex,32,1.9541105345837102,0.7405931173698658,/data/users2/washbee/speedrun/Vox2Cortex_fork/experiments/hcp/test_template_42016_DATASET_NAME/meshes/lh_pial/epoch81/208327_epoch81_struc2_meshpred.ply
vox2cortex,33,1.523301756557338,0.4117277676716018,/data/users2/washbee/speedrun/Vox2Cortex_fork/experiments/hcp/test_template_42016_DATASET_NAME/meshes/lh_pial/epoch81/208428_epoch81_struc2_meshpred.ply
vox2cortex,34,2.0076641119626792,0.5122845050067101,/data/users2/washbee/speedrun/Vox2Cortex_fork/experiments/hcp/test_template_42016_DATASET_NAME/meshes/lh_pial/epoch81/209127_epoch81_struc2_meshpred.ply
vox2cortex,35,1.902937116199362,0.4337368400299673,/data/users2/washbee/speedrun/Vox2Cortex_fork/experiments/hcp/test_template_42016_DATASET_NAME/meshes/lh_pial/epoch81/209228_epoch81_struc2_meshpred.ply
vox2cortex,36,1.9529204550863999,0.4381288408971948,/data/users2/washbee/speedrun/Vox2Cortex_fork/experiments/hcp/test_template_42016_DATASET_NAME/meshes/lh_pial/epoch81/209329_epoch81_struc2_meshpred.ply
vox2cortex,37,1.3852525348693292,0.2527101544123841,/data/users2/washbee/speedrun/Vox2Cortex_fork/experiments/hcp/test_template_42016_DATASET_NAME/meshes/lh_pial/epoch81/209834_epoch81_struc2_meshpred.ply
vox2cortex,38,1.8886561622316371,0.4663741656977304,/data/users2/washbee/speedrun/Vox2Cortex_fork/experiments/hcp/test_template_42016_DATASET_NAME/meshes/lh_pial/epoch81/209935_epoch81_struc2_meshpred.ply
vox2cortex,39,1.582805731422859,0.38090565160690537,/data/users2/washbee/speedrun/Vox2Cortex_fork/experiments/hcp/test_template_42016_DATASET_NAME/meshes/lh_pial/epoch81/210011_epoch81_struc2_meshpred.ply
vox2cortex,40,1.6589708192507258,0.3769225308024448,/data/users2/washbee/speedrun/Vox2Cortex_fork/experiments/hcp/test_template_42016_DATASET_NAME/meshes/lh_pial/epoch81/210415_epoch81_struc2_meshpred.ply
vox2cortex,41,2.096920074260961,0.5031332067916483,/data/users2/washbee/speedrun/Vox2Cortex_fork/experiments/hcp/test_template_42016_DATASET_NAME/meshes/lh_pial/epoch81/210617_epoch81_struc2_meshpred.ply
vox2cortex,42,1.775598609987147,0.45203317507842383,/data/users2/washbee/speedrun/Vox2Cortex_fork/experiments/hcp/test_template_42016_DATASET_NAME/meshes/lh_pial/epoch81/211114_epoch81_struc2_meshpred.ply
vox2cortex,43,1.531632313038511,0.38079588949094634,/data/users2/washbee/speedrun/Vox2Cortex_fork/experiments/hcp/test_template_42016_DATASET_NAME/meshes/lh_pial/epoch81/211215_epoch81_struc2_meshpred.ply
vox2cortex,44,1.6554005807587948,0.47810915540475407,/data/users2/washbee/speedrun/Vox2Cortex_fork/experiments/hcp/test_template_42016_DATASET_NAME/meshes/lh_pial/epoch81/211316_epoch81_struc2_meshpred.ply
vox2cortex,45,1.7446565430570764,0.45743719848546005,/data/users2/washbee/speedrun/Vox2Cortex_fork/experiments/hcp/test_template_42016_DATASET_NAME/meshes/lh_pial/epoch81/211417_epoch81_struc2_meshpred.ply
vox2cortex,46,1.3197981625172561,0.4314952671577679,/data/users2/washbee/speedrun/Vox2Cortex_fork/experiments/hcp/test_template_42016_DATASET_NAME/meshes/lh_pial/epoch81/211720_epoch81_struc2_meshpred.ply
vox2cortex,47,2.104060551244823,0.6239760852680291,/data/users2/washbee/speedrun/Vox2Cortex_fork/experiments/hcp/test_template_42016_DATASET_NAME/meshes/lh_pial/epoch81/211922_epoch81_struc2_meshpred.ply
vox2cortex,48,1.6815823296996242,0.32034660452292646,/data/users2/washbee/speedrun/Vox2Cortex_fork/experiments/hcp/test_template_42016_DATASET_NAME/meshes/lh_pial/epoch81/212015_epoch81_struc2_meshpred.ply
vox2cortex,49,1.4911696101299565,0.36547140608945594,/data/users2/washbee/speedrun/Vox2Cortex_fork/experiments/hcp/test_template_42016_DATASET_NAME/meshes/lh_pial/epoch81/212116_epoch81_struc2_meshpred.ply
vox2cortex,50,1.8648545722854286,0.45572282703955447,/data/users2/washbee/speedrun/Vox2Cortex_fork/experiments/hcp/test_template_42016_DATASET_NAME/meshes/lh_pial/epoch81/212217_epoch81_struc2_meshpred.ply
vox2cortex,51,1.9172180701670871,0.24349116856229536,/data/users2/washbee/speedrun/Vox2Cortex_fork/experiments/hcp/test_template_42016_DATASET_NAME/meshes/lh_pial/epoch81/212318_epoch81_struc2_meshpred.ply
vox2cortex,52,2.0778788023039936,0.4733882568327448,/data/users2/washbee/speedrun/Vox2Cortex_fork/experiments/hcp/test_template_42016_DATASET_NAME/meshes/lh_pial/epoch81/212419_epoch81_struc2_meshpred.ply
vox2cortex,53,1.7851192459656304,0.4039152681261816,/data/users2/washbee/speedrun/Vox2Cortex_fork/experiments/hcp/test_template_42016_DATASET_NAME/meshes/lh_pial/epoch81/212823_epoch81_struc2_meshpred.ply
vox2cortex,54,1.1746084638453849,0.22195109288198953,/data/users2/washbee/speedrun/Vox2Cortex_fork/experiments/hcp/test_template_42016_DATASET_NAME/meshes/lh_pial/epoch81/213421_epoch81_struc2_meshpred.ply
vox2cortex,55,1.7994001999333555,0.5122997212106315,/data/users2/washbee/speedrun/Vox2Cortex_fork/experiments/hcp/test_template_42016_DATASET_NAME/meshes/lh_pial/epoch81/214019_epoch81_struc2_meshpred.ply
vox2cortex,56,1.930308944637502,0.41548998604213333,/data/users2/washbee/speedrun/Vox2Cortex_fork/experiments/hcp/test_template_42016_DATASET_NAME/meshes/lh_pial/epoch81/214221_epoch81_struc2_meshpred.ply
vox2cortex,57,1.8874660827343268,0.49101866785068327,/data/users2/washbee/speedrun/Vox2Cortex_fork/experiments/hcp/test_template_42016_DATASET_NAME/meshes/lh_pial/epoch81/214423_epoch81_struc2_meshpred.ply
vox2cortex,58,1.4304755557671252,0.3741587812384273,/data/users2/washbee/speedrun/Vox2Cortex_fork/experiments/hcp/test_template_42016_DATASET_NAME/meshes/lh_pial/epoch81/214524_epoch81_struc2_meshpred.ply
vox2cortex,59,2.1254819821964106,0.599328338930509,/data/users2/washbee/speedrun/Vox2Cortex_fork/experiments/hcp/test_template_42016_DATASET_NAME/meshes/lh_pial/epoch81/214625_epoch81_struc2_meshpred.ply
vox2cortex,60,1.8648545722854286,0.3939168899938652,/data/users2/washbee/speedrun/Vox2Cortex_fork/experiments/hcp/test_template_42016_DATASET_NAME/meshes/lh_pial/epoch81/214726_epoch81_struc2_meshpred.ply
vox2cortex,61,1.293616413576427,0.35192430404712954,/data/users2/washbee/speedrun/Vox2Cortex_fork/experiments/hcp/test_template_42016_DATASET_NAME/meshes/lh_pial/epoch81/217126_epoch81_struc2_meshpred.ply
vox2cortex,62,1.9969533964868853,0.3861999642897293,/data/users2/washbee/speedrun/Vox2Cortex_fork/experiments/hcp/test_template_42016_DATASET_NAME/meshes/lh_pial/epoch81/217429_epoch81_struc2_meshpred.ply
vox2cortex,63,1.7994001999333555,0.3835552319534013,/data/users2/washbee/speedrun/Vox2Cortex_fork/experiments/hcp/test_template_42016_DATASET_NAME/meshes/lh_pial/epoch81/220721_epoch81_struc2_meshpred.ply
vox2cortex,64,1.6470700242776217,0.40910153510480796,/data/users2/washbee/speedrun/Vox2Cortex_fork/experiments/hcp/test_template_42016_DATASET_NAME/meshes/lh_pial/epoch81/221218_epoch81_struc2_meshpred.ply
vox2cortex,65,1.8993668777074308,0.4615853381825725,/data/users2/washbee/speedrun/Vox2Cortex_fork/experiments/hcp/test_template_42016_DATASET_NAME/meshes/lh_pial/epoch81/221319_epoch81_struc2_meshpred.ply
vox2cortex,66,1.8101109154091493,0.5172076013844445,/data/users2/washbee/speedrun/Vox2Cortex_fork/experiments/hcp/test_template_42016_DATASET_NAME/meshes/lh_pial/epoch81/223929_epoch81_struc2_meshpred.ply
vox2cortex,67,1.6006569238825152,0.4592392881791033,/data/users2/washbee/speedrun/Vox2Cortex_fork/experiments/hcp/test_template_42016_DATASET_NAME/meshes/lh_pial/epoch81/224022_epoch81_struc2_meshpred.ply
vox2cortex,68,1.9279287856428808,0.40936204499083806,/data/users2/washbee/speedrun/Vox2Cortex_fork/experiments/hcp/test_template_42016_DATASET_NAME/meshes/lh_pial/epoch81/227432_epoch81_struc2_meshpred.ply
vox2cortex,69,2.0659780073308895,0.5317800328949507,/data/users2/washbee/speedrun/Vox2Cortex_fork/experiments/hcp/test_template_42016_DATASET_NAME/meshes/lh_pial/epoch81/228434_epoch81_struc2_meshpred.ply
vox2cortex,70,1.936259342124054,0.508889336042217,/data/users2/washbee/speedrun/Vox2Cortex_fork/experiments/hcp/test_template_42016_DATASET_NAME/meshes/lh_pial/epoch81/231928_epoch81_struc2_meshpred.ply
vox2cortex,71,1.6101775598609986,0.4545425113797502,/data/users2/washbee/speedrun/Vox2Cortex_fork/experiments/hcp/test_template_42016_DATASET_NAME/meshes/lh_pial/epoch81/233326_epoch81_struc2_meshpred.ply
vox2cortex,72,2.055267291855096,0.5482039108709622,/data/users2/washbee/speedrun/Vox2Cortex_fork/experiments/hcp/test_template_42016_DATASET_NAME/meshes/lh_pial/epoch81/236130_epoch81_struc2_meshpred.ply
vox2cortex,73,1.831532346360737,0.4688804675958636,/data/users2/washbee/speedrun/Vox2Cortex_fork/experiments/hcp/test_template_42016_DATASET_NAME/meshes/lh_pial/epoch81/237334_epoch81_struc2_meshpred.ply
vox2cortex,74,1.808920835911839,0.348092362251608,/data/users2/washbee/speedrun/Vox2Cortex_fork/experiments/hcp/test_template_42016_DATASET_NAME/meshes/lh_pial/epoch81/239944_epoch81_struc2_meshpred.ply
vox2cortex,75,2.3206550197553195,0.6392100818500714,/data/users2/washbee/speedrun/Vox2Cortex_fork/experiments/hcp/test_template_42016_DATASET_NAME/meshes/lh_pial/epoch81/245333_epoch81_struc2_meshpred.ply
vox2cortex,76,1.763697815014043,0.46710324028340217,/data/users2/washbee/speedrun/Vox2Cortex_fork/experiments/hcp/test_template_42016_DATASET_NAME/meshes/lh_pial/epoch81/246133_epoch81_struc2_meshpred.ply
vox2cortex,77,1.9136478316751557,0.3963303706013826,/data/users2/washbee/speedrun/Vox2Cortex_fork/experiments/hcp/test_template_42016_DATASET_NAME/meshes/lh_pial/epoch81/248339_epoch81_struc2_meshpred.ply
vox2cortex,78,1.732755748083972,0.3716222894305086,/data/users2/washbee/speedrun/Vox2Cortex_fork/experiments/hcp/test_template_42016_DATASET_NAME/meshes/lh_pial/epoch81/249947_epoch81_struc2_meshpred.ply
vox2cortex,79,1.8565240158042557,0.5642296518211288,/data/users2/washbee/speedrun/Vox2Cortex_fork/experiments/hcp/test_template_42016_DATASET_NAME/meshes/lh_pial/epoch81/250427_epoch81_struc2_meshpred.ply
vox2cortex,80,1.9041271956966725,0.3666647163224309,/data/users2/washbee/speedrun/Vox2Cortex_fork/experiments/hcp/test_template_42016_DATASET_NAME/meshes/lh_pial/epoch81/250932_epoch81_struc2_meshpred.ply
vox2cortex,81,1.854143856809635,0.4439728408402934,/data/users2/washbee/speedrun/Vox2Cortex_fork/experiments/hcp/test_template_42016_DATASET_NAME/meshes/lh_pial/epoch81/251833_epoch81_struc2_meshpred.ply
vox2cortex,82,1.81249107440377,0.485224775159622,/data/users2/washbee/speedrun/Vox2Cortex_fork/experiments/hcp/test_template_42016_DATASET_NAME/meshes/lh_pial/epoch81/255639_epoch81_struc2_meshpred.ply
vox2cortex,83,1.8101109154091493,0.3419941391080741,/data/users2/washbee/speedrun/Vox2Cortex_fork/experiments/hcp/test_template_42016_DATASET_NAME/meshes/lh_pial/epoch81/256540_epoch81_struc2_meshpred.ply
vox2cortex,84,2.395630028085876,0.5312539038614531,/data/users2/washbee/speedrun/Vox2Cortex_fork/experiments/hcp/test_template_42016_DATASET_NAME/meshes/lh_pial/epoch81/257542_epoch81_struc2_meshpred.ply
vox2cortex,85,1.7279954300947302,0.32252423789076917,/data/users2/washbee/speedrun/Vox2Cortex_fork/experiments/hcp/test_template_42016_DATASET_NAME/meshes/lh_pial/epoch81/257845_epoch81_struc2_meshpred.ply
vox2cortex,86,2.0374160993954398,0.600181990668138,/data/users2/washbee/speedrun/Vox2Cortex_fork/experiments/hcp/test_template_42016_DATASET_NAME/meshes/lh_pial/epoch81/263436_epoch81_struc2_meshpred.ply
vox2cortex,87,1.7375160660732136,0.2781405066597023,/data/users2/washbee/speedrun/Vox2Cortex_fork/experiments/hcp/test_template_42016_DATASET_NAME/meshes/lh_pial/epoch81/268749_epoch81_struc2_meshpred.ply
vox2cortex,88,1.9481601370971582,0.5801162851605469,/data/users2/washbee/speedrun/Vox2Cortex_fork/experiments/hcp/test_template_42016_DATASET_NAME/meshes/lh_pial/epoch81/268850_epoch81_struc2_meshpred.ply
vox2cortex,89,1.6280287523206551,0.6506350197793046,/data/users2/washbee/speedrun/Vox2Cortex_fork/experiments/hcp/test_template_42016_DATASET_NAME/meshes/lh_pial/epoch81/270332_epoch81_struc2_meshpred.ply
vox2cortex,90,1.692293045175418,0.31453897943798903,/data/users2/washbee/speedrun/Vox2Cortex_fork/experiments/hcp/test_template_42016_DATASET_NAME/meshes/lh_pial/epoch81/275645_epoch81_struc2_meshpred.ply
vox2cortex,91,1.6125577188556197,0.38154317342694555,/data/users2/washbee/speedrun/Vox2Cortex_fork/experiments/hcp/test_template_42016_DATASET_NAME/meshes/lh_pial/epoch81/280739_epoch81_struc2_meshpred.ply
vox2cortex,92,2.2432998524301424,0.6269795100510632,/data/users2/washbee/speedrun/Vox2Cortex_fork/experiments/hcp/test_template_42016_DATASET_NAME/meshes/lh_pial/epoch81/280941_epoch81_struc2_meshpred.ply
vox2cortex,93,1.593516446898653,0.3748719079553267,/data/users2/washbee/speedrun/Vox2Cortex_fork/experiments/hcp/test_template_42016_DATASET_NAME/meshes/lh_pial/epoch81/283543_epoch81_struc2_meshpred.ply
vox2cortex,94,1.599466844385205,0.38411387242023853,/data/users2/washbee/speedrun/Vox2Cortex_fork/experiments/hcp/test_template_42016_DATASET_NAME/meshes/lh_pial/epoch81/284646_epoch81_struc2_meshpred.ply
vox2cortex,95,1.8386728233445992,0.5026929982046678,/data/users2/washbee/speedrun/Vox2Cortex_fork/experiments/hcp/test_template_42016_DATASET_NAME/meshes/lh_pial/epoch81/285345_epoch81_struc2_meshpred.ply
vox2cortex,96,1.7910696434521824,0.5228913123649966,/data/users2/washbee/speedrun/Vox2Cortex_fork/experiments/hcp/test_template_42016_DATASET_NAME/meshes/lh_pial/epoch81/285446_epoch81_struc2_meshpred.ply
vox2cortex,97,1.8612843337934977,0.5003175590724683,/data/users2/washbee/speedrun/Vox2Cortex_fork/experiments/hcp/test_template_42016_DATASET_NAME/meshes/lh_pial/epoch81/286650_epoch81_struc2_meshpred.ply
vox2cortex,98,1.5292521540438901,0.3765394974243652,/data/users2/washbee/speedrun/Vox2Cortex_fork/experiments/hcp/test_template_42016_DATASET_NAME/meshes/lh_pial/epoch81/287248_epoch81_struc2_meshpred.ply
vox2cortex,99,1.8291521873661158,0.5541234628216584,/data/users2/washbee/speedrun/Vox2Cortex_fork/experiments/hcp/test_template_42016_DATASET_NAME/meshes/lh_pial/epoch81/289555_epoch81_struc2_meshpred.ply
vox2cortex,100,1.8708049697719806,0.6494931887145716,/data/users2/washbee/speedrun/Vox2Cortex_fork/experiments/hcp/test_template_42016_DATASET_NAME/meshes/lh_pial/epoch81/290136_epoch81_struc2_meshpred.ply
vox2cortex,101,1.9695815680487456,0.5327240168674544,/data/users2/washbee/speedrun/Vox2Cortex_fork/experiments/hcp/test_template_42016_DATASET_NAME/meshes/lh_pial/epoch81/293748_epoch81_struc2_meshpred.ply
vox2cortex,102,1.6815823296996242,0.2869889639698401,/data/users2/washbee/speedrun/Vox2Cortex_fork/experiments/hcp/test_template_42016_DATASET_NAME/meshes/lh_pial/epoch81/295146_epoch81_struc2_meshpred.ply
vox2cortex,103,1.936259342124054,0.25359421024910755,/data/users2/washbee/speedrun/Vox2Cortex_fork/experiments/hcp/test_template_42016_DATASET_NAME/meshes/lh_pial/epoch81/297655_epoch81_struc2_meshpred.ply
vox2cortex,104,2.4444232874756033,1.012066952121448,/data/users2/washbee/speedrun/Vox2Cortex_fork/experiments/hcp/test_template_42016_DATASET_NAME/meshes/lh_pial/epoch81/298051_epoch81_struc2_meshpred.ply
vox2cortex,105,1.8446232208311515,0.31978042607181467,/data/users2/washbee/speedrun/Vox2Cortex_fork/experiments/hcp/test_template_42016_DATASET_NAME/meshes/lh_pial/epoch81/298455_epoch81_struc2_meshpred.ply
vox2cortex,106,2.002903793973437,0.620336884631675,/data/users2/washbee/speedrun/Vox2Cortex_fork/experiments/hcp/test_template_42016_DATASET_NAME/meshes/lh_pial/epoch81/299154_epoch81_struc2_meshpred.ply
freesurfer,0,1.9189176573100142,0.745240988254354,/data/users2/llu13/output/cortexode/truth/samples/converted/lh_pial/200008_lh.pial_converted.stl
freesurfer,1,1.6126729903146835,0.45300465242771254,/data/users2/llu13/output/cortexode/truth/samples/converted/lh_pial/200109_lh.pial_converted.stl
freesurfer,2,1.6400237893560654,0.5254059513635304,/data/users2/llu13/output/cortexode/truth/samples/converted/lh_pial/200210_lh.pial_converted.stl
freesurfer,3,1.892717579101135,0.5800408117357843,/data/users2/llu13/output/cortexode/truth/samples/converted/lh_pial/200311_lh.pial_converted.stl
freesurfer,4,1.9190886735993835,0.4685820414814995,/data/users2/llu13/output/cortexode/truth/samples/converted/lh_pial/200614_lh.pial_converted.stl
freesurfer,5,1.6945386834439513,0.4092091173321095,/data/users2/llu13/output/cortexode/truth/samples/converted/lh_pial/200917_lh.pial_converted.stl
freesurfer,6,2.0941366964217165,0.6386880425944369,/data/users2/llu13/output/cortexode/truth/samples/converted/lh_pial/201111_lh.pial_converted.stl
freesurfer,7,2.048699432207461,0.5766421155611486,/data/users2/llu13/output/cortexode/truth/samples/converted/lh_pial/201414_lh.pial_converted.stl
freesurfer,8,1.7424585087505655,0.550230206053287,/data/users2/llu13/output/cortexode/truth/samples/converted/lh_pial/201515_lh.pial_converted.stl
freesurfer,9,1.537383915182447,0.3935740226754759,/data/users2/llu13/output/cortexode/truth/samples/converted/lh_pial/201717_lh.pial_converted.stl
freesurfer,10,1.9327890326992312,0.8396981839546352,/data/users2/llu13/output/cortexode/truth/samples/converted/lh_pial/201818_lh.pial_converted.stl
freesurfer,11,1.8878820795577984,0.6534764722074533,/data/users2/llu13/output/cortexode/truth/samples/converted/lh_pial/202113_lh.pial_converted.stl
freesurfer,12,1.5990419836573684,0.47841144527907015,/data/users2/llu13/output/cortexode/truth/samples/converted/lh_pial/202719_lh.pial_converted.stl
freesurfer,13,1.8336007334402933,0.4714075601201775,/data/users2/llu13/output/cortexode/truth/samples/converted/lh_pial/203418_lh.pial_converted.stl
freesurfer,14,1.7959144157227225,0.5568425000551548,/data/users2/llu13/output/cortexode/truth/samples/converted/lh_pial/203721_lh.pial_converted.stl
freesurfer,15,1.7055435271048653,0.5620010802002269,/data/users2/llu13/output/cortexode/truth/samples/converted/lh_pial/203923_lh.pial_converted.stl
freesurfer,16,1.6857838025721237,0.6309818254837108,/data/users2/llu13/output/cortexode/truth/samples/converted/lh_pial/204016_lh.pial_converted.stl
freesurfer,17,1.461195349512385,0.44543826037147133,/data/users2/llu13/output/cortexode/truth/samples/converted/lh_pial/204319_lh.pial_converted.stl
freesurfer,18,2.0146346508541186,0.5535930950482875,/data/users2/llu13/output/cortexode/truth/samples/converted/lh_pial/204420_lh.pial_converted.stl
freesurfer,19,2.0049250974758874,0.5620395791840167,/data/users2/llu13/output/cortexode/truth/samples/converted/lh_pial/204521_lh.pial_converted.stl
freesurfer,20,1.6663783260094804,0.5150726111941941,/data/users2/llu13/output/cortexode/truth/samples/converted/lh_pial/204622_lh.pial_converted.stl
freesurfer,21,1.6293109753259618,0.4738832661548247,/data/users2/llu13/output/cortexode/truth/samples/converted/lh_pial/205119_lh.pial_converted.stl
freesurfer,22,1.9596161535385843,0.5816325644787443,/data/users2/llu13/output/cortexode/truth/samples/converted/lh_pial/205220_lh.pial_converted.stl
freesurfer,23,1.8553732478539606,0.5352711545345844,/data/users2/llu13/output/cortexode/truth/samples/converted/lh_pial/205725_lh.pial_converted.stl
freesurfer,24,1.8505383064940903,0.5995206101737175,/data/users2/llu13/output/cortexode/truth/samples/converted/lh_pial/205826_lh.pial_converted.stl
freesurfer,25,1.8491985913418405,0.6623523830562366,/data/users2/llu13/output/cortexode/truth/samples/converted/lh_pial/206222_lh.pial_converted.stl
freesurfer,26,1.7557398591688982,0.5419321232519935,/data/users2/llu13/output/cortexode/truth/samples/converted/lh_pial/207123_lh.pial_converted.stl
freesurfer,27,1.6276769263297792,0.4095534958611151,/data/users2/llu13/output/cortexode/truth/samples/converted/lh_pial/207426_lh.pial_converted.stl
freesurfer,28,1.9671047193982973,0.6783555725259114,/data/users2/llu13/output/cortexode/truth/samples/converted/lh_pial/207628_lh.pial_converted.stl
freesurfer,29,1.9406217492880407,0.6392384804865264,/data/users2/llu13/output/cortexode/truth/samples/converted/lh_pial/208024_lh.pial_converted.stl
freesurfer,30,1.754035137837452,0.4341999777633434,/data/users2/llu13/output/cortexode/truth/samples/converted/lh_pial/208125_lh.pial_converted.stl
freesurfer,31,2.173191899710704,0.6683871838338857,/data/users2/llu13/output/cortexode/truth/samples/converted/lh_pial/208226_lh.pial_converted.stl
freesurfer,32,1.483104179902425,0.4065053827925688,/data/users2/llu13/output/cortexode/truth/samples/converted/lh_pial/208327_lh.pial_converted.stl
freesurfer,33,2.068984670073317,0.590896778659497,/data/users2/llu13/output/cortexode/truth/samples/converted/lh_pial/208428_lh.pial_converted.stl
freesurfer,34,2.0128761720668127,0.673806967172479,/data/users2/llu13/output/cortexode/truth/samples/converted/lh_pial/209127_lh.pial_converted.stl
freesurfer,35,1.7894842306398633,0.4772706258225836,/data/users2/llu13/output/cortexode/truth/samples/converted/lh_pial/209228_lh.pial_converted.stl
freesurfer,36,1.8242198922260744,0.4689950911245275,/data/users2/llu13/output/cortexode/truth/samples/converted/lh_pial/209329_lh.pial_converted.stl
freesurfer,37,1.9743577243699117,0.4976416403085289,/data/users2/llu13/output/cortexode/truth/samples/converted/lh_pial/209834_lh.pial_converted.stl
freesurfer,38,1.9001878566618224,0.5982485335825397,/data/users2/llu13/output/cortexode/truth/samples/converted/lh_pial/209935_lh.pial_converted.stl
freesurfer,39,1.7408695179757425,0.6505360284111653,/data/users2/llu13/output/cortexode/truth/samples/converted/lh_pial/210011_lh.pial_converted.stl
freesurfer,40,1.8600039319936061,0.45741805174309286,/data/users2/llu13/output/cortexode/truth/samples/converted/lh_pial/210415_lh.pial_converted.stl
freesurfer,41,1.8459186664991416,0.679794248940654,/data/users2/llu13/output/cortexode/truth/samples/converted/lh_pial/210617_lh.pial_converted.stl
freesurfer,42,1.7528384030959223,0.5629952902531926,/data/users2/llu13/output/cortexode/truth/samples/converted/lh_pial/211114_lh.pial_converted.stl
freesurfer,43,1.5053062744367902,0.4334289309548736,/data/users2/llu13/output/cortexode/truth/samples/converted/lh_pial/211215_lh.pial_converted.stl
freesurfer,44,0.1095342829213797,0.11836161122690533,/data/users2/llu13/output/cortexode/truth/samples/converted/lh_pial/211316_lh.pial_converted.stl
freesurfer,45,1.7082237133820093,0.524736428261951,/data/users2/llu13/output/cortexode/truth/samples/converted/lh_pial/211417_lh.pial_converted.stl
freesurfer,46,1.741846412916966,0.6470104242457211,/data/users2/llu13/output/cortexode/truth/samples/converted/lh_pial/211720_lh.pial_converted.stl
freesurfer,47,1.911799904260412,0.5844427492186923,/data/users2/llu13/output/cortexode/truth/samples/converted/lh_pial/211922_lh.pial_converted.stl
freesurfer,48,1.7087682112097875,0.4999805850734346,/data/users2/llu13/output/cortexode/truth/samples/converted/lh_pial/212015_lh.pial_converted.stl
freesurfer,49,1.5998954417202913,0.41137111006716526,/data/users2/llu13/output/cortexode/truth/samples/converted/lh_pial/212116_lh.pial_converted.stl
freesurfer,50,1.811545647324068,0.5742397677193678,/data/users2/llu13/output/cortexode/truth/samples/converted/lh_pial/212217_lh.pial_converted.stl
freesurfer,51,2.064871757622714,0.5177629451809069,/data/users2/llu13/output/cortexode/truth/samples/converted/lh_pial/212318_lh.pial_converted.stl
freesurfer,52,2.0542426504830686,0.5728766358074401,/data/users2/llu13/output/cortexode/truth/samples/converted/lh_pial/212419_lh.pial_converted.stl
freesurfer,53,1.6882058852201038,0.5539014916801427,/data/users2/llu13/output/cortexode/truth/samples/converted/lh_pial/212823_lh.pial_converted.stl
freesurfer,54,1.779618199694123,0.5479994471443886,/data/users2/llu13/output/cortexode/truth/samples/converted/lh_pial/213421_lh.pial_converted.stl
freesurfer,55,1.857713343884019,0.5927972900695311,/data/users2/llu13/output/cortexode/truth/samples/converted/lh_pial/214019_lh.pial_converted.stl
freesurfer,56,1.8194411462043851,0.328434368590364,/data/users2/llu13/output/cortexode/truth/samples/converted/lh_pial/214221_lh.pial_converted.stl
freesurfer,57,1.3722522817309604,0.31062129071489425,/data/users2/llu13/output/cortexode/truth/samples/converted/lh_pial/214423_lh.pial_converted.stl
freesurfer,58,1.9429462830440773,0.8089564649731257,/data/users2/llu13/output/cortexode/truth/samples/converted/lh_pial/214524_lh.pial_converted.stl
freesurfer,59,1.7449821564134036,0.6334445620345792,/data/users2/llu13/output/cortexode/truth/samples/converted/lh_pial/214625_lh.pial_converted.stl
freesurfer,60,0.12675053750944273,0.0742891215311379,/data/users2/llu13/output/cortexode/truth/samples/converted/lh_pial/214726_lh.pial_converted.stl
freesurfer,61,1.9131065947739527,0.5545189457274174,/data/users2/llu13/output/cortexode/truth/samples/converted/lh_pial/217126_lh.pial_converted.stl
freesurfer,62,1.7064092858945243,0.47532899028467557,/data/users2/llu13/output/cortexode/truth/samples/converted/lh_pial/217429_lh.pial_converted.stl
freesurfer,63,1.6910708959623777,0.4576476530840894,/data/users2/llu13/output/cortexode/truth/samples/converted/lh_pial/220721_lh.pial_converted.stl
freesurfer,64,1.6983642174535951,0.46098363186490393,/data/users2/llu13/output/cortexode/truth/samples/converted/lh_pial/221218_lh.pial_converted.stl
freesurfer,65,1.698154550323806,0.43088130774697936,/data/users2/llu13/output/cortexode/truth/samples/converted/lh_pial/221319_lh.pial_converted.stl
freesurfer,66,1.439945440172773,0.3436836872590945,/data/users2/llu13/output/cortexode/truth/samples/converted/lh_pial/223929_lh.pial_converted.stl
freesurfer,67,1.7969946813088455,0.5609627576494384,/data/users2/llu13/output/cortexode/truth/samples/converted/lh_pial/224022_lh.pial_converted.stl
freesurfer,68,1.9008886989649951,0.47155325282585214,/data/users2/llu13/output/cortexode/truth/samples/converted/lh_pial/227432_lh.pial_converted.stl
freesurfer,69,1.7615412034849502,0.6292147003331137,/data/users2/llu13/output/cortexode/truth/samples/converted/lh_pial/228434_lh.pial_converted.stl
freesurfer,70,1.7421697826476616,0.5550408418261099,/data/users2/llu13/output/cortexode/truth/samples/converted/lh_pial/231928_lh.pial_converted.stl
freesurfer,71,1.5865658398336622,0.36824795604244104,/data/users2/llu13/output/cortexode/truth/samples/converted/lh_pial/233326_lh.pial_converted.stl
freesurfer,72,1.6055805328879111,0.43033672031746417,/data/users2/llu13/output/cortexode/truth/samples/converted/lh_pial/236130_lh.pial_converted.stl
freesurfer,73,1.7506310184122864,0.49409459861826127,/data/users2/llu13/output/cortexode/truth/samples/converted/lh_pial/237334_lh.pial_converted.stl
freesurfer,74,1.7995261034460677,0.4944643174460918,/data/users2/llu13/output/cortexode/truth/samples/converted/lh_pial/239944_lh.pial_converted.stl
freesurfer,75,1.8857285549728942,0.5423945471618407,/data/users2/llu13/output/cortexode/truth/samples/converted/lh_pial/245333_lh.pial_converted.stl
freesurfer,76,1.8060312821863995,0.5958854696793683,/data/users2/llu13/output/cortexode/truth/samples/converted/lh_pial/246133_lh.pial_converted.stl
freesurfer,77,1.7453934714130406,0.44233566925614964,/data/users2/llu13/output/cortexode/truth/samples/converted/lh_pial/248339_lh.pial_converted.stl
freesurfer,78,1.5829946425272492,0.4302308905779435,/data/users2/llu13/output/cortexode/truth/samples/converted/lh_pial/249947_lh.pial_converted.stl
freesurfer,79,1.5861612937459695,0.46198583036748464,/data/users2/llu13/output/cortexode/truth/samples/converted/lh_pial/250427_lh.pial_converted.stl
freesurfer,80,1.807022027698353,0.5734981436086168,/data/users2/llu13/output/cortexode/truth/samples/converted/lh_pial/250932_lh.pial_converted.stl
freesurfer,81,1.6288873755553392,0.5052892431762674,/data/users2/llu13/output/cortexode/truth/samples/converted/lh_pial/251833_lh.pial_converted.stl
freesurfer,82,1.7663266984701431,0.5743920979480214,/data/users2/llu13/output/cortexode/truth/samples/converted/lh_pial/255639_lh.pial_converted.stl
freesurfer,83,1.9472337679299931,0.49766940952765576,/data/users2/llu13/output/cortexode/truth/samples/converted/lh_pial/256540_lh.pial_converted.stl
freesurfer,84,1.8118808288275212,0.48563512907565176,/data/users2/llu13/output/cortexode/truth/samples/converted/lh_pial/257542_lh.pial_converted.stl
freesurfer,85,1.809535615655324,0.5321896121976961,/data/users2/llu13/output/cortexode/truth/samples/converted/lh_pial/257845_lh.pial_converted.stl
freesurfer,86,1.6321200678068883,0.5197499421162306,/data/users2/llu13/output/cortexode/truth/samples/converted/lh_pial/263436_lh.pial_converted.stl
freesurfer,87,1.753279127453575,0.4631496867521712,/data/users2/llu13/output/cortexode/truth/samples/converted/lh_pial/268749_lh.pial_converted.stl
freesurfer,88,1.8153273211873382,0.4046616701967083,/data/users2/llu13/output/cortexode/truth/samples/converted/lh_pial/268850_lh.pial_converted.stl
freesurfer,89,1.483683706250352,0.3457753074667199,/data/users2/llu13/output/cortexode/truth/samples/converted/lh_pial/270332_lh.pial_converted.stl
freesurfer,90,1.7224094787777366,0.5628900753026608,/data/users2/llu13/output/cortexode/truth/samples/converted/lh_pial/275645_lh.pial_converted.stl
freesurfer,91,1.7207704204467544,0.4794757265413439,/data/users2/llu13/output/cortexode/truth/samples/converted/lh_pial/280739_lh.pial_converted.stl
freesurfer,92,1.9926650366748166,0.5471924143497302,/data/users2/llu13/output/cortexode/truth/samples/converted/lh_pial/280941_lh.pial_converted.stl
freesurfer,93,1.9375053286725212,0.7936369806986094,/data/users2/llu13/output/cortexode/truth/samples/converted/lh_pial/283543_lh.pial_converted.stl
freesurfer,94,1.8643212457645448,0.5238969146549967,/data/users2/llu13/output/cortexode/truth/samples/converted/lh_pial/284646_lh.pial_converted.stl
freesurfer,95,1.9226377503208991,0.5047533454456895,/data/users2/llu13/output/cortexode/truth/samples/converted/lh_pial/285345_lh.pial_converted.stl
freesurfer,96,1.841052645755613,0.5414460054922859,/data/users2/llu13/output/cortexode/truth/samples/converted/lh_pial/285446_lh.pial_converted.stl
freesurfer,97,1.8836779290637082,0.5064385069035661,/data/users2/llu13/output/cortexode/truth/samples/converted/lh_pial/286650_lh.pial_converted.stl
freesurfer,98,1.588945638294982,0.4489525991747469,/data/users2/llu13/output/cortexode/truth/samples/converted/lh_pial/287248_lh.pial_converted.stl
freesurfer,99,2.03051800294472,0.6629474956260509,/data/users2/llu13/output/cortexode/truth/samples/converted/lh_pial/289555_lh.pial_converted.stl
freesurfer,100,1.8155797889698684,0.5907162111616989,/data/users2/llu13/output/cortexode/truth/samples/converted/lh_pial/290136_lh.pial_converted.stl
freesurfer,101,1.9855563873354176,0.5470095295574349,/data/users2/llu13/output/cortexode/truth/samples/converted/lh_pial/293748_lh.pial_converted.stl
freesurfer,102,1.9446211615746272,0.4401204046721785,/data/users2/llu13/output/cortexode/truth/samples/converted/lh_pial/295146_lh.pial_converted.stl
freesurfer,103,2.155985339121771,0.4395464701827125,/data/users2/llu13/output/cortexode/truth/samples/converted/lh_pial/297655_lh.pial_converted.stl
freesurfer,104,1.5520797413091991,0.3412406331751874,/data/users2/llu13/output/cortexode/truth/samples/converted/lh_pial/298051_lh.pial_converted.stl
freesurfer,105,1.7702758336764102,0.5721226868205803,/data/users2/llu13/output/cortexode/truth/samples/converted/lh_pial/298455_lh.pial_converted.stl
freesurfer,106,1.501452062191725,0.3810832425353307,/data/users2/llu13/output/cortexode/truth/samples/converted/lh_pial/299154_lh.pial_converted.stl
freesurfer,107,1.501452062191725,0.3810832425353307,/data/users2/llu13/output/cortexode/truth/samples/converted/lh_pial/lh.pial_converted.stl
